review_id,brand_name,store_name,review_title,review_comment,locale,rating,sentiment,reply_created_at,reply,gpt-4o,gpt-4o-mini
209970809,オリエンタルホテル 京都六条,オリエンタルホテル 京都六条,,設備が新しく、清潔感が溢れるホテルでした。また、ドリンクサービスも日本酒やノンアルコールと豊富で、多くの方が利用されていました。京都駅から少し離れますが、補って余りある“おもてなし”満載のホテルだと思います。,ja,4,POSITIVE,2025-05-11 18:15:03,"この度はご宿泊いただき、誠にありがとうございました。
また、温かいご感想をお寄せいただき、心より御礼申し上げます。

設備の新しさや清潔感にご満足いただけたとのこと、大変嬉しく思います。
また、日本酒やノンアルコールドリンクを含むドリンクサービスも多くの方にご利用いただき、私たちも嬉しい限りです。

京都駅からの距離につきましても、「おもてなし」で補って余りあるとのお言葉を頂戴し、スタッフ一同大きな励みとなります。

また京都にお越しの際は、ぜひ当ホテルにお立ち寄りくださいませ。心よりお待ち申し上げております。
オリエンタルホテル京都六条",この度は当ホテルをご利用いただき、誠にありがとうございます。設備やドリンクサービスについてお褒めいただき、大変光栄です。また、当ホテルの“おもてなし”を感じていただけたことを嬉しく思います。立地に関してはご不便をおかけする面もありますが、これからもお客様にご満足いただけるサービスを提供できるよう努めてまいります。次回のご来訪を心よりお待ちしております。,"この度はご利用いただき、また温かいご感想をありがとうございます。
 

 設備の新しさや清潔感をお伝えいただき、とても嬉しく思います。また、ドリンクサービスについてもお褒めいただき、スタッフ一同励みになります。お客様にご満足いただけるよう、今後もおもてなしを充実させて参ります。
 

 京都駅からの距離についても、ご理解いただき感謝申し上げます。次回のご利用を心よりお待ちしております。"
205435941,オリエンタルホテル 京都六条,オリエンタルホテル 京都六条,,"Para mi un hotel que no controla si tu habitación podría estar lista 45 minutos antes de las 15.00 horario oficial de entrada, dejándote esperar merece 1 punto, la amabilidad de la recepcionista merece un 0. Después de ver las fotos del lugar uno piensa que sera relax y Zen desde la llegada y lo primero te topas con unas escaleras para acceder y bajar tus maletas de 25 kilos después de haber caminado otros 20 por las calles de la ciudad merece otro 0. Espero que las habitaciones reviertan este comentario.",es,1,NEGATIVE,2025-05-13 17:27:19,"Gracias por haberse alojado en Oriental Hotel Kyoto Rokujo y por tomarse el tiempo de compartir sus comentarios.

Lamentamos sinceramente que la experiencia durante el check-in y el acceso al hotel no haya estado a la altura de sus expectativas. Valoramos mucho sus observaciones, y las compartiremos con nuestro equipo para seguir mejorando tanto el servicio como la comodidad de nuestros huéspedes.

Nos alegra saber que, a pesar de los inconvenientes mencionados, haya valorado su estancia con una alta puntuación. Será un placer poder darle la bienvenida nuevamente y ofrecerle una experiencia más satisfactoria.","Lamentamos mucho que su experiencia en nuestro hotel no haya cumplido con sus expectativas. Agradecemos que comparta su opinión, ya que nos ayuda a mejorar. 
 

 Comprendemos la importancia de una bienvenida sin inconvenientes y estamos tomando medidas para asegurar que las habitaciones estén listas a tiempo. También revisaremos el acceso y la asistencia en recepción para garantizar una experiencia más cómoda y acogedora. 
 

 Esperamos que haya encontrado satisfacción en las habitaciones y estamos comprometidos a mejorar su experiencia en el futuro. Nos encantaría tener otra oportunidad para brindarle un servicio superior.","Lamentamos sinceramente que su experiencia no haya sido lo que esperaba. Agradecemos su comentario y tomamos muy en serio sus observaciones sobre el tiempo de espera y las instalaciones.
 

 Estamos comprometidos a mejorar y haremos todo lo posible para que su próxima visita sea más placentera. 
 

 Esperamos tener la oportunidad de demostrarle una mejor atención en el futuro. Gracias por su feedback."
194593281,オリエンタルホテル 京都六条,オリエンタルホテル 京都六条,,,ja,5,POSITIVE,2025-03-02 18:36:37,この度はオリエンタルホテル京都六条をご利用いただき誠にありがとうございます。またのご利用をお待ちしております。,この度は高評価をいただき、誠にありがとうございます。お客様にご満足いただけたことを大変嬉しく思っております。次回のご来店を心よりお待ちしております。何かお気づきの点がございましたら、お気軽にお知らせください。,この度はご利用いただき、ありがとうございます。もし「nan」という言葉に何か特別な意味やご要望がございましたら、ぜひお知らせください。お客様のご意見を大切にし、一層のサービス向上に努めて参ります。今後ともどうぞよろしくお願い申し上げます。
188236382,オリエンタルホテル 京都六条,オリエンタルホテル 京都六条,,客室について和室って....板張りだった。せめてユニットバスの前まで板張りが在ったら良かったのに、そこが、使いづらかったので減点になります。サ−ビスについて朝食の表示で、アレルギー対応が、キチンとされておりよく見なければならないけど万国共通表示で、判りやすかったです。場所について駅より離れているけど私の周囲の人には隠れ家になると思うので薦められる。,ja,4,MIXED,2025-01-20 18:18:14,"この度は貴重なご意見をお寄せいただき、誠にありがとうございます。
●客室について
和室の板張りについてご期待に添えず、また使いづらいと感じられた点、大変申し訳ございません。特にユニットバス周りの設計においてご不便をおかけしたことを深くお詫び申し上げます。このご意見を真摯に受け止め、今後の客室改善に役立ててまいります。

●サービスについて
朝食に関するアレルギー対応表示についてお褒めいただきありがとうございます。多くのお客様に安心してお食事を楽しんでいただけるよう、これからも分かりやすく、安心できるサービスを追求してまいります。

●場所について
当ホテルの立地について、駅から離れているという点を「隠れ家」として捉えていただけたこと、大変嬉しく思います。お客様の周囲の方々にもお薦めいただけるとのこと、心より感謝申し上げます。

またのお越しをスタッフ一同、心よりお待ちしております。引き続きご愛顧賜りますようお願い申し上げます。","この度はご宿泊いただき、また貴重なご意見をいただきありがとうございます。客室の板張りに関するご指摘について、今後の改善の参考にさせていただきます。お客様に快適にお過ごしいただけるよう、努めてまいります。
 

 朝食のアレルギー表示についてお褒めいただき光栄です。引き続き、安心してご利用いただけるよう努めてまいります。立地についても、おすすめしていただけるとのお言葉をいただき、大変嬉しく思います。
 

 またのご来館を心よりお待ち申し上げております。","この度はご利用いただき、誠にありがとうございます。
 

 客室の和室についてご指摘いただき、ありがとうございます。ご不便をおかけした点についてお詫び申し上げます。改善の参考にさせていただきます。
 

 また、朝食のアレルギー表示に関してご評価いただき、光栄です。その点をご満足いただけたことを嬉しく思います。
 

 駅からの距離についてもご理解いただき、ありがとうございます。隠れ家的な場所としてご推薦いただけるなんて、光栄です。
 

 今後とも、より良いサービスの提供に努めてまいります。またのご来店を心よりお待ちしております。"
186813431,オリエンタルホテル 京都六条,オリエンタルホテル 京都六条,,ある意味、京都らしい立地静かな街に目立たずに佇むホテル,ja,5,NEUTRAL,2025-01-11 17:59:57,"この度は当ホテルをご利用いただき、また貴重なご感想をお寄せいただき誠にありがとうございます。
客室やサービスに高い評価をいただき光栄でございます。
一方で、場所に関するご意見も真摯に受け止めております。今後もお客様にご満足いただけるよう、より一層の努力を続けてまいります。またのご利用を心よりお待ち申し上げております。",この度は当ホテルにご宿泊いただき、誠にありがとうございます。静かな街に佇むホテルの雰囲気をお楽しみいただけたようで嬉しく思います。お客様に快適にお過ごしいただけるよう、これからも努めてまいります。またのご利用を心よりお待ちしております。,"ご利用いただき、ありがとうございます。
 

 京都の静かな街並みを楽しんでいただけたようで嬉しく思います。当ホテルの立地が、特別なひとときを演出できたのであれば幸いです。
 

 またのご訪問を心よりお待ちしております。"
185753175,オリエンタルホテル 京都六条,オリエンタルホテル 京都六条,,朝食の白味噌のお味噌汁が本当に美味しかったです。湯豆腐を入れて食べたら尚更でした。他のオリエンタルホテル系列の朝食と比べると、若干質がさがりますが、ラウンジの出汁と良い、京都らしさが感じられ良かったと思います。ありがとうございました。,ja,4,POSITIVE,2025-01-11 17:59:58,"この度は当ホテルをご利用いただき、また貴重なご意見をお寄せいただき誠にありがとうございます。
白味噌のお味噌汁や湯豆腐、ラウンジの出汁など、京都らしいお食事をお楽しみいただけたとのこと、大変嬉しく思います。また、客室や設備についてのポジティブな評価をいただきありがとうございます。一方で、WiFiの接続やテレビの動作についてご不便をおかけしたこと、深くお詫び申し上げます。さらに、アメニティに関する貴重なご意見をありがとうございます。女性のお客様によりご満足いただけるよう、洗顔や化粧水などの充実も検討してまいります。今後もお客様に快適でご満足いただけるご滞在を提供できるよう、スタッフ一同尽力してまいります。またのご利用を心よりお待ち申し上げております。",この度はご来店いただきありがとうございます。白味噌のお味噌汁や湯豆腐を楽しんでいただけて嬉しく思います。また、京都らしい雰囲気を感じていただけたとのこと、嬉しく思います。いただいたご意見をもとに更なる改善に努めてまいります。またのご来店を心よりお待ちしております。,"ご来店いただき、また素敵なご感想をお寄せいただきありがとうございます。
 

 白味噌のお味噌汁や湯豆腐を気に入っていただけたとのこと、とても嬉しく思います。京都らしさを感じていただけたことも何よりの喜びです。
 

 ご指摘いただいた点については真摯に受け止め、今後の改善に努めてまいります。貴重なご意見に感謝いたします。
 

 またのご利用を心よりお待ちしております。"
183366887,オリエンタルホテル 京都六条,オリエンタルホテル 京都六条,,京都駅から歩いて約30分、最寄りの駅は市営地下鉄の五条駅ですが、そこから歩いても約10分かかります。 コンビニはホテルから歩いて3分程度のところにありますが、正直言ってあまり便利な立地ではありません。ホテル自体は綺麗で高級感もあり、ウェルカムドリンクサービスもあります。セキュリティは電子錠システムで、カードキーでエレベーターホールや部屋の解錠を行います。部屋は綺麗ですが設備がいまいちです。まず部屋の中には テーブルがありません。 必要な人はフロントでテーブルを貸し出してもらえます。 冷蔵庫もあるのですが、部屋の入口の脇にあり、飲むときにはそこまで取りに行かなければなりません。またコンセントの位置が使いたいところになく、とても不便に感じました。 また空調設備の風が、どう調整しても寝ている時にベット付近に当たるのです。エアコンの操作もリモコンではなく調整するためには 壁のスイッチを操作するしかありません。何度も起きては調整してました。あと致命的なのは、夜中に勝手にテレビがつくということです。 すべての客室がそうなのか、故障しているのか？何度 リモコンでオフにしても、15分ぐらい経つと勝手に電源が入りホテル案内の画面が表示されます。音こそ鳴りませんが、まぶしくて仕方がありませんでした。おかげでなかなか寝付けなかったです。最後はついに諦めましたが、少し気持ち悪いです。 これは是非 何とかして欲しいです。それ以外は設備も新しいものがついていて、空気清浄機もありました。アメニティも標準的だと思います。,ja,3,MIXED,2024-12-11 18:03:17,"お客様、この度は貴重なご意見をお寄せいただき、誠にありがとうございます。

ホテルの清潔さや高級感、セキュリティ面についてご満足いただけた点は大変嬉しく思います。また、ウェルカムドリンクのサービスもお楽しみいただけたようで何よりです。

一方で、客室の設備やコンセントの配置、エアコンの操作性に関するご不便をおかけし、申し訳ございません。特に、テレビが夜中に自動的に点灯する現象については、大変不快な思いをさせてしまい、心よりお詫び申し上げます。テレビ画面の設定でオートモードがONになっている可能性が考えられますので、すぐに設備の確認と対応を行い、快適にお休みいただける環境を整えてまいります。

テーブルの貸し出しや冷蔵庫の配置についても、いただいたご意見を真摯に受け止め、今後の改善を検討させていただきます。お客様が快適にお過ごしいただけるよう、より良いサービスを目指して努めてまいります。

お忙しい中、詳しいご感想をお聞かせいただき、誠にありがとうございました。ぜひまたのご利用をお待ちしております。","この度はご宿泊いただきありがとうございます。立地面でご不便をおかけし、また設備に関してもご期待に添えず申し訳ございませんでした。特に、テレビが夜中に勝手につくという問題で不快な思いをおかけしましたこと、深くお詫び申し上げます。直ちに点検を行い、問題の解決に努めます。
 

 客室内の設備に関するご指摘、特にコンセントや空調の位置についても、今後の改善の参考とさせていただきます。ご意見をいただけたことに感謝し、より快適な滞在を提供できるようスタッフ一同努力して参ります。また機会がございましたら、ぜひお越しくださいませ。心よりお待ちしております。","この度はご利用いただき、また貴重なご意見をお寄せいただきありがとうございます。
 

 立地や室内の設備に関して、ご不便をおかけし申し訳ございません。特に夜中のテレビが自動でオンになる件については、大変ご迷惑をおかけしました。この事象は調査し、早急に改善に努めます。
 

 また、テーブルやコンセントの位置など、ご要望にお応えできなかった点についても重く受け止めており、今後の改善材料とさせていただきます。
 

 お客様にとって快適な滞在ができるよう、スタッフ一同、さらなるサービス向上に努めてまいりますので、今後ともどうぞよろしくお願い申し上げます。"
183366889,オリエンタルホテル 京都六条,オリエンタルホテル 京都六条,,夜11時までフリードリンク（リンゴジュース、出汁、水、お茶2種類）と、ちょっとしたおつまみ（飴、HARIBO、ナッツ）があって飲み放題。部屋は静かだし、全体的に清潔感あふれる場所で良かった!,ja,4,POSITIVE,2024-12-11 18:03:17,"この度はご宿泊いただき、誠にありがとうございます。

フリードリンクやおつまみサービスをお楽しみいただけたようで嬉しく思います。特に、静かで清潔感のある空間で快適にお過ごしいただけたとのお言葉は、スタッフ一同の励みになります。

これからも、より快適で満足度の高い滞在を提供できるよう努めてまいります。
またのお越しを心よりお待ちしております。
この度は誠にありがとうございました。","貴重なご意見をいただき、誠にありがとうございます。ドリンクやおつまみのサービスを楽しんでいただけたようで嬉しく思います。静かで清潔感のある環境もご満足いただけたこと、光栄に感じております。
 

 今後も、より一層ご満足いただけるよう努力いたしますので、またのご利用を心よりお待ちしております。","ご利用いただきありがとうございます。フリードリンクやおつまみを楽しんでいただけたとのこと、大変嬉しく思います。
 

 静かで清潔感のある環境を提供できたことも嬉しいお言葉です。今後とも、より良いサービスを心がけて参りますので、またのご来店をお待ちしております。"
183366898,オリエンタルホテル 京都六条,オリエンタルホテル 京都六条,,堀川通りから1本東側に入ったところにあるホテルサイズ的にも5階建てでこじんまりしていますが静かでした🎵入り口を入ったところにウェルカムドリンク😀日本酒、和風出汁、デトックスウォーター、りんごジュース、煎茶、ほうじ茶、コーヒー☕️などがあり、良かった👍部屋はツインでしたが広さも丁度いい感じ☝️湯船は少し小さめでしたがシャワーカーテンにRがついているので広く使えます☺️喫煙室🚬は1階の奥にありました。朝食のバイキング🍴は7時OPEN出発が早かったので食べれなかったのが残念です💦2024年10月23日に再び訪れました。今回は朝食を食べれたので写真を載せておきます☝️,ja,3,POSITIVE,2024-12-11 18:03:19,"お客様、この度は再度ご宿泊いただき、誠にありがとうございます。

ホテルの立地やウェルカムドリンクサービスにご満足いただけたようで、嬉しく思います。また、お部屋の広さや浴室の使い勝手についてもご評価いただき、ありがとうございます。

朝食に関して、前回はご利用いただけなかったとのことですが、今回お楽しみいただけたようで何よりです。お客様の写真も拝見し、私たちも嬉しく思います。

また京都にお越しの際は、ぜひ当ホテルでお迎えできることを楽しみにしております。今後もより良いサービスを提供できるよう努めてまいります。

ありがとうございました。",この度はご利用いただきありがとうございます。お部屋やウェルカムドリンクをお楽しみいただけたようで嬉しく思います。湯船や朝食についてのフィードバックもありがとうございます。次回はぜひゆっくりと朝食もお楽しみいただけるように心よりお待ちしております。またお越しいただける日を楽しみにしています。,"お越しいただき、ありがとうございます。静かさやウェルカムドリンクをお楽しみいただけたようで嬉しく思います。
 

 お部屋の広さやシャワーカーテンの工夫にもご感想をいただきありがとうございます。朝食に関しまして、早朝出発のためにお召し上がりいただけなかったことは残念でしたが、次回のご訪問では無事に楽しんでいただけたとのことで安心しました。
 

 またのお越しを心よりお待ちしております。"
183366899,オリエンタルホテル 京都六条,オリエンタルホテル 京都六条,,ビジネスクラスを探してたらヒットしました！落ち着いた部屋でシンプルな所が良い！夕食は河原町で少し遠いがコンビニは近くにあるので弁当買って部屋で食事！この時もテーブルを貸し出し出来るのでありがたい！ドリンクサービスあります。後で思ったのですが連泊中日に遠出したら京都駅に行って歩くのもいいかもしれませんね！,ja,4,POSITIVE,2024-12-11 18:03:19,"この度はご宿泊いただき誠にありがとうございます。
落ち着いたお部屋の雰囲気やシンプルなデザインにご満足いただけたとのこと、大変嬉しく思います。また、コンビニが近くにあり、お弁当を部屋で楽しんでいただけたこともご安心いただけたようで、何よりでございます。
京都駅までのアクセスについてもご提案いただき、参考にさせていただきます。次回のご滞在の際も、ぜひご利用いただけると幸いです。

またのご利用を心よりお待ちしております。この度は誠にありがとうございました","この度はご利用いただき、誠にありがとうございます。落ち着いたお部屋やシンプルな雰囲気を気に入っていただけたようで嬉しく思います。
 

 夕食の際には、当施設のテーブル貸し出しサービスがお役に立てたようで何よりです。ドリンクサービスもご満足いただけたようで光栄です。
 

 京都駅周辺へのお出かけも、次回の楽しみとしてぜひ検討してみてください。またのご利用を心よりお待ちしております。","この度はご利用いただき、誠にありがとうございます。
 

 快適にお過ごしいただけたとのことで、スタッフ一同嬉しく思っております。落ち着いた部屋や便利なドリンクサービスがご満足いただけた点、大変嬉しく拝見しました。
 

 河原町までの夕食や、連泊中の京都駅へのお出かけも素敵なアイディアですね！ぜひ次回のご利用の際にも、いろいろと楽しんでいただければと思います。またのお越しをお待ちしております。"
183366928,オリエンタルホテル 京都六条,オリエンタルホテル 京都六条,,今回は旅行会社の京都フリープランという企画に申し込みましたので出発前にクチコミを見て愕然としました。あまりに酷評が有りすぎて３泊するのにどうなることか？と。事前にテーブルがないとわかっていましたからチェックインする時からお借りし部屋まで届けてくれました。トイレもバスも髪の毛1本なく清潔で臭いも大丈夫。部屋清掃も御願いマグネットを張っておくとやってくれて快適な３泊4日でした。フロントのスタッフも親切で色々調べてアドバイスしてくれました。ウエルカムドリンクとおつまみも堪能。出汁は本当に美味しくおかわりしちゃいました。シニアにはアクセスがイマイチ…なんどか迷子なり地元の人たちにお世話になりました。皆さん親身になって調べたり教えてくれたり思い出深い旅行になりました。ありがとうございました。,ja,4,POSITIVE,2024-12-06 17:55:30,"この度は数あるホテルから当ホテルをお選びいただき誠にありがとうございました。スタッフの対応や館内、ウェルカムサービスに関しましてもお褒めのお言葉を頂戴し重ねて御礼申し上げます。

ウェルカムサービスでは数種類のドリンクの他、日本酒やお出汁、スナック菓子のご用意もございます。特にお出汁は沢山の客様にご満足いただいているようで大変光栄に存じております。

当ホテルは京都駅から少し離れた住宅街に位置しております故、ご利用のお客様には少々ご不便をお掛けしてしまいます。フロントやお電話でもアクセスに関してのお手伝いを承っておりますので、お気軽にご相談いただければと存じます。

今後もサービス向上に努めてまいります。

またのご来館をスタッフ一同、心よりお待ち申し上げております。


オリエンタルホテル京都六条

","この度は、私たちの施設をご利用いただき、またご感想をいただきありがとうございます。ご旅行中、部屋や設備、フロントスタッフの対応などを快適に感じていただけたようで嬉しく思います。また、ウェルカムドリンクとおつまみもお楽しみいただけたようで何よりです。
 

 アクセスについては、ご不便をおかけしましたことをお詫びいたします。いただいた貴重なご意見を参考に、改善を目指して参ります。お客様の思い出深い旅の一助になれたことを大変光栄に思います。またの機会がございましたら、ぜひお越しくださいませ。心よりお待ちしております。","この度は当施設をご利用いただき、誠にありがとうございます。
 

 ご宿泊が快適だったとのこと、大変嬉しく思います。清潔さやサービスに関してお褒めの言葉をいただき、スタッフ一同励みになります。また、ウエルカムドリンクやおつまみも楽しんでいただけたようで嬉しい限りです。
 

 アクセスについてはご不便をおかけしたようで申し訳ありません。今後も皆様にとって快適な滞在ができるよう、一層努力してまいります。
 

 貴重なご意見、ありがとうございました。またのご利用を心よりお待ちしております。"
183366930,オリエンタルホテル 京都六条,オリエンタルホテル 京都六条,,ハガキと手紙を切手貼りにも関わらず、すぐ受け取らず、聴いて、特別ですといって、受け取った。ポストの場所がわからないので、出したのに。サービスの難足るかがわかってない。,ja,5,NEGATIVE,2024-12-06 17:55:30,"この度は当ホテルをご利用いただきありがとうございました。高い評価を頂き、重ねて御礼申し上げます。ウェルカムサービスにもご満足いただけたようで大変光栄に存じます。

お客様には郵便物のお預かりや客室の備品に関してご不快な思いをさせてしまい、誠に申し訳ございませんでした。郵便物に関しましては、情報保護の観点からも当ホテルから徒歩約1分の郵便局・郵便ポストのご案内をさせていただいております。テーブルは数に限りがございますので、お申し付けいただいたお客様にはフロントにてお貸出しを承っております。こちらに関しましてもご案内を失念しておりましたのであれば、重ねてお詫び申し上げます。

スタッフの至らない対応に改めて深くお詫びいたします。今後、スタッフの教育を徹底いたします。

またのご来館をスタッフ一同、心よりお待ち申し上げております。

オリエンタルホテル京都六条","ご感想をいただき、ありがとうございます。お手数をおかけし、また困惑させてしまい申し訳ございませんでした。今後はスムーズなご案内ができるよう、スタッフ一同改善に努めてまいります。
 

 貴重なご意見をありがとうございます。またのご利用を心よりお待ちしております。","ご利用いただきありがとうございます。
 

 お手紙の受け取りについてご不便をおかけし、申し訳ありませんでした。お客様のご指摘は非常に貴重で、今後のサービス向上に活かしてまいります。ポストの場所についても、わかりやすく案内できるよう改善していきます。
 

 貴重なご意見をいただき感謝いたします。またのご来店をお待ちしております。"
183366935,オリエンタルホテル 京都六条,オリエンタルホテル 京都六条,,駅からちょっと距離ありますがここを拠点に観光する分にはいい立地だと思います。部屋には広い浴槽もあり、アメニティはロビーで回収。ロビー前では飲み物が提供されています。,ja,5,POSITIVE,2024-12-06 17:55:31,"この度は当ホテルにご宿泊いただき誠にありがとうございました。高い評価やお褒めのお言葉を頂戴し重ねて御礼申し上げます。

京都駅からは少し距離がありますので、ご利用のお客様には交通機関やタクシーでのご移動をご提案しております。フロントにてアクセスに関するご案内も承っておりますのでお気軽にお声がけいただければと存じます。

またのご来館をスタッフ一同心よりお待ち申し上げております。


オリエンタルホテル京都六条


","この度は当施設をご利用いただきありがとうございます。立地や設備についてご満足いただけたようで、とても嬉しく思います。観光の拠点として快適にお過ごしいただけたこと、何よりです。
 

 お客様のまたのお越しを心よりお待ちしております。今後も笑顔でお迎えできるよう努めてまいりますので、引き続きよろしくお願いいたします。","お忙しい中、貴重なご意見をありがとうございます。
 

 立地や設備にご満足いただけたとのことで、大変嬉しく思います。また、アメニティやドリンクサービスもご利用いただき、安心いたしました。
 

 お客様の観光の拠点としてお役に立てるよう、これからもサービス向上に努めてまいります。次回のご利用を心よりお待ちしております。"
183366939,オリエンタルホテル 京都六条,オリエンタルホテル 京都六条,,京都駅から歩こうと思えば歩ける距離ですけど真夏にはしんどいかな😓住宅に囲まれて街に馴染みすぎていて通り過ぎてしまいました💦チェックイン時にお客が端末を操作するんだけど勝手が分からないと結局フロントのスタッフさんにお手伝いいただくことに😆申込時の通りに名前を入力しないと受け付けてくれない💦大文字か小文字かとか、そんなこんなでフロントでは随分待つことに🤪時期が時期でしたので海外のお客が大多数。お水2本は有難いが冷蔵庫がないのは残念👎外観からは想像つかない部屋数、コンパクトなお部屋は1人なら平気だけど外人さん2人は窮屈だろうなー🧐,ja,4,MIXED,2024-12-06 17:55:32,"この度は当ホテルをご利用いただき誠にありがとうございました。ご滞在に置かれましては、ごゆっくりお身体をお安めいただけましたでしょうか。

京都駅からは少し距離がありますので、ご利用のお客様には交通機関やタクシーのご利用をご提案しております。フロントにてご案内も承っておりますのでお気軽にお声がけいただければと存じます。

また、チェックインや客室のご案内の不備でご不便をお掛けしてしまい申し訳ございませんでした。客室入口付近に冷蔵庫をご用意しておりますが、ご案内が至らず重ねてお詫び申し上げます。今後のサービス向上に努めてまいります。

またのご来館を、スタッフ一同心よりお待ち申し上げております。


オリエンタルホテル京都六条","この度はご宿泊いただき、ありがとうございます。お寄せいただいた貴重なご意見に感謝申し上げます。ご指摘のチェックインの手続きに関しては、今後の改善を図ってまいります。不便をおかけして申し訳ありませんでした。また、冷蔵庫などの設備についても今後の参考にさせていただきます。アクセス面では次回ご来訪の際には、より快適なアクセス方法をご提案できればと考えております。
 

 またのご来訪を心よりお待ち申し上げております。お疲れのところご意見ありがとうございました。","この度はご利用いただき、ありがとうございます。 
 

 お越しいただく際の距離についてのご指摘や、チェックイン時の操作について貴重なご意見をいただき感謝いたします。お客様にご不便をお掛けしたこと、大変申し訳なく思っております。 
 

 冷蔵庫の設置に関するご要望も、今後の改善点として検討させていただきます。お部屋の広さについても、今後のお客様の参考にさせていただきます。 
 

 ご意見をもとに、より良いサービスを提供できるよう努めてまいりますので、またのご来店を心よりお待ちしております。"
183366943,オリエンタルホテル 京都六条,オリエンタルホテル 京都六条,,部屋綺麗で広いです。ユニットバスはめちゃくちゃ狭く、女性は問題ないが、男性は狭くて不便かと思います。場所は不便でもなく便利でもなく、、タクシー移動だと道路が1通なので回らないとホテルまでつかないのが難点。従業員の愛想が全くないですが、やることはやってくれるのでまーいっかという感じです。気分はよくないが、、チェックイン時なんの説明ないです。部屋にアメニティは歯ブラシのみ、フロントの後ろに置いてあるので必要な場合は自分で持っていくようです。フロントにお手洗い男女1つずつしかないです。,ja,2,MIXED,2024-12-06 17:55:33,"この度は当ホテルにご宿泊いただき誠にありがとうございました。

客室やウェルカムサービスに関しましてお褒めのお言葉を頂戴し、重ねて御礼申し上げます。

また、お客様にはスタッフの対応や客室の清掃不備でご不快な思いをさせてしまい大変申し訳ございませんでした。毎日沢山のお客様にご来館いただくため迅速なチェックイン対応を心掛けております。ご所望のお客様には詳細な当館のご説明も致しておりますので、お申し付けいただければと存じます。

頂いたご意見は真摯に受け止め、今後スタッフの教育を徹底してまいります。

またのご来館を心よりお待ち申し上げております。


オリエンタルホテル京都六条",この度は貴重なご意見をいただき、誠にありがとうございます。客室の広さにご満足いただけたことは嬉しい限りです。しかしながら、ユニットバスやスタッフの対応について、ご不便と不快な思いをお掛けした点をお詫び申し上げます。サービス向上に努め、皆さまに快適なご滞在を提供できるよう改善を検討いたします。またのご利用を心よりお待ちしております。どうもありがとうございました。,"貴重なご意見をいただき、ありがとうございます。
 

 お部屋の広さや清潔さにご満足いただけたことは嬉しく思いますが、ユニットバスや移動の不便さ、従業員の対応についてご不快な思いをさせてしまい、お詫び申し上げます。チェックイン時の説明不足やアメニティの配置については、改善点としてしっかりと検討させていただきます。
 

 ご指摘いただいた内容を真摯に受け止め、今後のサービス向上に努めてまいります。再度のご来店をお待ちしておりますが、次回はよりご満足いただけるよう努力いたします。"
183366944,オリエンタルホテル 京都六条,オリエンタルホテル 京都六条,,朝食が美味しい！！部屋はベッドが微妙でした…,ja,4,POSITIVE,2024-12-06 17:55:34,"この度は当ホテルにご宿泊いただき誠にありがとうございました。高い評価と朝食に関するお褒めのお言葉を頂戴し重ねて御礼申し上げます。

客室のベッドに関しましてお客様にはご不便をお掛けし大変申し訳ございませんでした。頂いたご意見はスタッフと共有し、今後の運営に尽力してまいります。

またのご来館をスタッフ一同、心よりお待ち申し上げております。


オリエンタルホテル京都六条",ご宿泊いただき、ありがとうございます。朝食をお楽しみいただけたとのお言葉、大変嬉しく思います。しかし、ベッドに関してご期待に添えず申し訳ございません。お客様のご意見を参考に、より良いサービスの提供を目指して改善に努めてまいります。またのご来訪を心よりお待ちしております。,"ご感想ありがとうございます。朝食を気に入っていただけたこと、大変嬉しく思います。  
 

 一方で、ベッドに関してご不便をおかけし申し訳ございませんでした。お客様のご意見を参考にし、より快適な環境を提供できるよう努めてまいります。  
 

 またのご来店をお待ちしております。"
183366953,オリエンタルホテル 京都六条,オリエンタルホテル 京都六条,,チェックインの際に印刷用紙が切れていて領収書発行が出来ず。また、ウエルカムドリンクのコーヒー豆も切れていた。フロントには複数スタッフがいたが相互フォローしないので時間ばかりが無駄に経過。部屋はきれいだったがコンセントは少ない上に場所が悪く使いにくい。部屋にテーブルも無いので何か食べるのも置き場が無いので大変。エアコンも温度調整がまともにきかないので付けるとものすごく寒い。消すと熱いので夜中中何回も起きて壁の操作パネルで操作していた。何故エアコンのリモコンが無いのか不明。いつもは烏丸線沿いに泊まるが安かったのでココに泊まった。が、同じ金額なら他に泊まる。,ja,3,NEGATIVE,2024-12-06 17:55:36,"この度は当ホテルにご宿泊いただき誠にありがとうございました。

スタッフの対応や館内・客室の設備でお客様にはご不便とご迷惑をお掛けし大変申し訳ございませんでした。

ご希望のお客様にはフロントにてテーブルの貸し出しを承っております。ご案内を失念しておりましたようでしたらお詫び申し上げます。数に限りがございます故、ご入用の際はお声がけいただけますと幸いでございます。また、エアコンに関しましては、あいにくリモートコントローラーのご用意がなく、客室内の壁に設置してございますコントローラーから温度や風量などの設定・変更をお願いしております。

いただいたご意見は真摯に受け止め、スタッフ間で共有させていただくと共に、スタッフの教育を徹底してまいります。


オリエンタルホテル京都六条","この度はご滞在に際し、不快な思いをさせてしまい申し訳ございませんでした。チェックイン時の領収書発行やウェルカムドリンクの不備、そしてフロントでの対応に関しましては、ご指摘いただきましたことを真摯に受け止め、今後の改善に努めて参ります。
 

 また、お部屋の設備に関してもご不便をおかけし、心よりお詫び申し上げます。特にエアコンの温度調整やコンセントの配置につきましては、快適にお過ごしいただけるよう改善を検討させていただきます。
 

 貴重なご意見をいただき、誠にありがとうございました。今後ともサービス向上に努めて参りますので、機会がございましたら再度お選びいただけましたら幸いです。","ご利用いただきありがとうございます。
 

 この度は、さまざまな不備がありご不便をおかけし、大変申し訳ございませんでした。チェックイン時の印刷用紙やウエルカムドリンク、スタッフの連携が不十分だった点について、真摯に受け止め改善に努めます。
 

 また、客室のコンセントやテーブルの配置、エアコンの温度調整に関してもご指摘いただき、感謝いたします。快適にお過ごしいただけるよう、設備の見直しを行います。
 

 貴重なご意見をいただき、心より感謝申し上げます。次回お越しいただける際には、より良い環境を提供できるよう努力してまいります。"
183366954,オリエンタルホテル 京都六条,オリエンタルホテル 京都六条,,スーペリア21㎡ 景観なし トリプル使用こじんまりしていて大型ホテルにはない落ち着いた雰囲気のお洒落ホテルです。ただせっかくウェルカムドリンクが充実していて、しかも夜遅くまで提供されるという素晴らしいサービスなのに、ゴミ箱が溢れていたり、ロビーのトイレも常にゴミ箱が溢れていて汚なくて残念でした。エレベーターの床も汚れが目立ちます。あと、ロビーと廊下いくら何でもエアコン効きすぎではないですか？💦海外のお客さんばかりだとこうなるのかな😅(ほぼ外国人で海外旅行のようでした笑)フロント対応は女性は皆良かったけど男性スタッフはバイトみたいな若造ばかり。連れ2人のうち1人が遅くにチェックインしたのですが、3枚目のカードキーはフロントで預かると言われたのに、2枚しか渡せないと言って部屋番号を伝えてくれただけ。もう一度事情説明してフロントに行くとぽんと渡されて謝罪も無し。それはひどい対応だったそうです。フロントにベテランらしき姿がないのも何だか不安になります。😓朝食は私には丁度良い品数と種類でしたがご飯のお供的なものが多く、体格の良い外国の方々は満足できるかなあ？と余計な心配をしてしまいました。(大柄な外国のお客さん方て狭い通路が通りにくかった)カレーはお肉がほろほろで沢山入っていて1番美味しかったです。あとカスタマイズできる最中はなかなか美味。2泊目は1人チェックアウトしたので外出中にツイン仕様に直されていると思いきや、1日目と同じトリプル仕様。伝達されてないんだなあと思いました。ソファどんな感じだったのか気になります。因みに、ソファからのベッドはかなり硬いベッドで驚きました。友達に悪かったなー😔和室タイプだったので床に荷物を抵抗なく置けましたが、洋室だったら荷物どこに置くのだろう？と疑問。まあ外国の方が本当にこのフローリングに土足で上がっていないかはわからないですが。注意書きもないしきちんと説明しているのでしょうか…窓はありますが景観がないのでしょう。曇りガラス。珍しいタイプではありますが悪くないです。反対側は箱庭を見下ろせるのかな。電気が薄暗いホテルは多いですがこちらはとても明るくすることができて、それも良い意味でホテルっぽくなくて良かったです。ネトフリやYoutubeも見ることができます。冷蔵庫は小さくあまり冷えなかったです。ペットボトルのお水は人数分ありました。備品のシャンプー類はとても良い香りでした。水の出も良かったです。パジャマはロング丈の上着のみのタイプです。あれこれ書きましたが概ね良いホテルだと思います。,ja,4,MIXED,2024-12-06 17:55:36,"この度は当ホテルにご宿泊いただき誠にありがとうございました。ご多忙の中、素敵なお写真と共にレビューを頂戴し、重ねてお礼申し上げます。

朝食に満足いただけたようで大変光栄に存じます。

お客様には、館内清掃の不備や一部スタッフの対応、客室の設備でご不快な思いをさせてしまい深くお詫び申し上げます。

当ホテルでは、環境に配慮するためにご希望のお客様にのみ客室の清掃を実施しております。また、ご滞在中に一部のお客様がチェックアウトなさる場合につきましても、お客様のご了承やお申し付けなくベッドの仕様を変更することは控えさせていただいております。ご案内・ご提案を失念しておりましたら大変申し訳ございません。

いただいたご意見は真摯に受け止めスタッフ間で共有し、教育を徹底してまいります。

またご利用をご検討いただけるよう、サービス向上に尽力してまいります。

またのご来館をスタッフ一同、心よりお待ち申し上げております。


オリエンタルホテル京都六条","ご滞在いただき、そして貴重なご意見をありがとうございます。全体的にご満足いただけたとのことで嬉しく思いますが、いくつかの点でご不便をおかけし申し訳ございません。
 

 ウェルカムドリンクのご案内やゴミ箱の状況、エレベーターの清掃状態については、改善すべき点としてチームで共有し、迅速に対処いたします。また、フロント対応における不手際についてもお詫び申し上げ、ご指摘いただいた点を元にスタッフの教育を強化して参ります。
 

 室内の設備や配置についてもご意見を参考にさせていただき、より快適にお過ごしいただけるよう努めて参ります。
 

 次回のご訪問の際には、さらに良いサービスを提供できますよう、スタッフ一同尽力いたします。またのご来館を心よりお待ちしております。","ご利用いただき、また詳細なご意見をお寄せいただきありがとうございます。
 

 お洒落な雰囲気やお料理を楽しんでいただけたとのこと、大変嬉しく思います。一方で、清掃状態やフロント対応についてご不便をおかけしてしまったこと、心よりお詫び申し上げます。
 

 特に、エレベーターやロビーのトイレの清掃に関しては、改善を図る必要があると認識しております。サービスの質を保つため、スタッフの教育にも注力していきます。
 

 また、朝食やお部屋の配置についての貴重なご意見もいただき、感謝申し上げます。今後の改善に繋げていけるよう、しっかりと目を向けてまいります。
 

 お客様にご満足いただけるよう、引き続き努めてまいりますので、ぜひまたのご訪問をお待ち申し上げております。"
183366956,オリエンタルホテル 京都六条,オリエンタルホテル 京都六条,,外国人向けって感じではあったけど、朝飯がまーーーーじで美味しかったな〜西京焼き？あれが美味かった！,ja,5,POSITIVE,2024-12-06 17:55:37,"この度はオリエンタルホテル京都六条にご宿泊いただき誠にありがとうございます。またお忙しい中評価をいただき、重ねて御礼申し上げます。
お客様の楽しいご旅行の一助となりましたらとても光栄に存じます。
また近くにお越しの際には朝食のご利用も兼ねて当館に是非お立ち寄りくださいませ。従業員一同心よりお待ち申し上げます。

オリエンタルホテル京都六条","ご来店いただき、また高評価をいただきありがとうございます！朝食の西京焼きを気に入っていただけたようで嬉しいです。
 

 ぜひまたお越しくださいませ。スタッフ一同、心よりお待ちしております。","ご来店いただき、ありがとうございます。
 

 朝食を楽しんでいただけたとのことで、特に西京焼きにご満足いただけたこと、大変嬉しく思います。  
 

 外国のお客様にも喜んでいただけるよう努めておりますので、今後も様々なお料理をご用意しお待ちしております。  
 

 またのご来店を心よりお待ちしております。"
183366960,オリエンタルホテル 京都六条,オリエンタルホテル 京都六条,,5月頃に出張で利用しました。雰囲気はもちろん、予約サイトで安くなっており、会社の宿泊費上限といい塩梅だったのが決め手です。場所は絶妙に駅から遠いですが、タクシー利用が多いでしょうし、近くにバス停もあるので不便では無いです。予定が多くほとんどサービスを利用できませんでしたが、部屋は広く清潔、ドリンクサービスやデスクも充実している様子でした。ビジネスでしたら前泊での利用がベストですかね。,ja,5,POSITIVE,2024-12-11 18:03:26,"この度はご宿泊いただき、誠にありがとうございます。また、貴重なご意見をお寄せいただき、感謝申し上げます。

立地については、駅から少し離れている点がございますが、タクシーやバスをご利用いただくことで便利にご移動いただけたようで安心しました。ビジネスでのご利用にも適したお部屋とサービスをご提供できたことを嬉しく思います。

次回のご利用の際にも、さらに快適にお過ごしいただけるよう改善を重ねてまいりますので、またのお越しを心よりお待ちしております。",ご出張の際に当施設をご利用いただき、誠にありがとうございます。お部屋やサービスについてご満足いただけたようで嬉しく思います。次回のご宿泊時にはぜひ、他のサービスもお楽しみいただければ幸いです。お知らせいただいた立地についてのご意見も大変参考になります。今後もより快適な環境を提供できるよう努めて参ります。またのご利用を心よりお待ちしております。,"この度はご利用いただき、誠にありがとうございます。
 

 ご滞在中の快適さや、サービスに対するご評価をいただき、大変嬉しく思います。特に、部屋の清潔さやドリンクサービスにご満足いただけたとのことで、スタッフ一同喜んでおります。
 

 駅からのアクセスについてもご理解いただき、感謝申し上げます。ビジネスでのご利用に最適とのお言葉も励みになります。
 

 今後もお客様にとって快適な空間を提供できるよう努めてまいりますので、ぜひまたのご利用をお待ちしております。"
183366980,オリエンタルホテル 京都六条,オリエンタルホテル 京都六条,,バスルームが、小便臭かった朝、ホテル玄関脇に、酔っぱらいがゲロ吐いたあとが、気持ち悪かった!,ja,1,NEGATIVE,2024-12-11 18:03:29,"この度は当ホテルをご利用いただき、またご意見をお寄せいただきありがとうございます。バスルームの臭いについてや、ホテルの玄関付近で不快な思いをさせてしまったことを心よりお詫び申し上げます。お客様に快適な滞在を提供することが最も重要であると認識しており、このようなことがあったことは非常に残念に思います。

バスルームの清掃状況を改めて確認し、臭いの原因を早急に取り除くとともに、玄関周辺の清掃を徹底いたします。再度、このような不快な思いをおかけしないよう努めてまいります。

貴重なご意見をいただき、ありがとうございました。",この度はご不快な思いをさせてしまい、誠に申し訳ございませんでした。ご指摘いただいた点について早急に改善策を講じてまいります。お客様に快適にお過ごしいただける環境を整えていく所存です。また機会がございましたら、どうぞよろしくお願い申し上げます。,"この度はご不快な思いをさせてしまい、大変申し訳ございませんでした。バスルームの臭いや、ホテル周辺の清掃については、すぐに改善策を検討いたします。 
 

 お客様が快適に過ごせる環境を提供できるよう、今後努めてまいります。貴重なご意見をいただき、感謝いたします。"
183366982,オリエンタルホテル 京都六条,オリエンタルホテル 京都六条,,京都の雰囲気がある素敵なホテルでした。大通り沿いではなく、車通りも少ないので外は静かで騒音などもなく、落ち着いている場所です。ウェルカムドリンクなどは23:00まで空いてるので、観光後遅めのチェックインでも楽しめました。ウェルカムドリンクの中にお出汁がありましたが、とっても温まるしとても優しい味で何回もおかわりしてしまいました！紙コップがホット用じゃないので持ち歩く時熱かったです、、、ちょっとしたスナック類も用意してあります。近くに地元感あふれる銭湯もありました。徒歩圏内で行けます。朝食は和食でとても美味しかったです。湯豆腐がとても美味しくてびっくりしました。京都らしく生八つ橋や抹茶のわらび餅などもラインナップにありました！私が泊まった時は中国人客が多く、朝一の朝食時はすこし騒がしかったです。ただ、全体的には大満足のホテルでした。また京都に来た時には泊まらせていただきます。,ja,5,POSITIVE,2025-02-03 18:28:15,"この度はオリエンタルホテル京都 六条をご利用いただき、誠にありがとうございます。

ホテルの静かな立地やウェルカムドリンク、お食事などをお楽しみいただけたようで、大変嬉しく思います。特にお出汁や湯豆腐、生八つ橋など京都らしい味覚を満喫していただけたとのこと、とても光栄です！また、セキュリティ面についても安心してご滞在いただけたようで何よりです。

紙コップの熱さについてのご意見もありがとうございます。今後のサービス向上の参考にさせていただきます。

朝食時の混雑については、ご不便をおかけし申し訳ございません。より快適にお過ごしいただけるよう、改善を検討してまいります。

また京都にお越しの際は、ぜひお立ち寄りくださいませ。スタッフ一同、心よりお待ちしております。

オリエンタルホテル京都 六条","この度はご宿泊いただき、また素敵な口コミをありがとうございます。  
 京都の雰囲気や静かな環境を気に入っていただけたようで、とても嬉しく思います。ウェルカムドリンクや朝食もお楽しみいただけたとのことで、特にお出汁や湯豆腐がお口に合ったのは大変光栄です。  
 紙コップについては熱さで不便をおかけし、申し訳ございません。今後の改善に努めてまいります。  
 

 次回も京都へお越しの際は、ぜひお立ち寄りください。心よりお待ちしております。","この度はご宿泊いただき、誠にありがとうございます。
 

 京都の雰囲気や静かな立地を気に入っていただけたようで、とても嬉しく思います。ウェルカムドリンクのお出汁や朝食の湯豆腐など、料理に関するお褒めの言葉もありがとうございます。
 

 紙コップについてのご指摘もありがとうございます。今後の改善に役立てさせていただきます。
 

 素敵なお言葉やご感想を頂戴し、スタッフ一同励みになります。またのご来館を心よりお待ちしております。"
183366985,オリエンタルホテル 京都六条,オリエンタルホテル 京都六条,,以前宿泊した時すごくいい雰囲気だったが、数年たったら汚れが目立ち、ビジネスホテルのように感じてしまった。,ja,1,MIXED,2024-12-11 18:03:29,"この度は当ホテルをご利用いただき、また貴重なご意見をお寄せいただきありがとうございます。お部屋の清掃に関してご不快な思いをおかけしたこと、心よりお詫び申し上げます。枕元のライトや毛布、また蚊に関するご指摘、すべての点において清掃が行き届いていなかったことを深く反省しております。

お客様に快適にお過ごしいただけるよう、清掃の見直しを行い、スタッフ一同、より丁寧な確認を徹底いたします。また、設備面でも改善が必要な部分を確認し、今後はこのようなことがないよう努めてまいります。

貴重なご意見を元に、今後のサービス向上に役立ててまいります。再度のご来館の機会があれば、是非とも快適な滞在をご提供できるよう努力いたします。

ご不快な思いをさせてしまい、誠に申し訳ございませんでした。",ご期待に沿えず申し訳ございませんでした。施設の状態や清掃について貴重なご意見をいただき、感謝いたします。ご指摘を真摯に受け止め、改善に努めてまいります。お客様により快適に過ごしていただけるよう努力してまいりますので、またの機会がございましたらご利用をお待ちしております。,"貴重なご意見をいただき、ありがとうございます。
 

 以前のご宿泊時に良い印象をお持ちいただいていたとのこと、本当に嬉しく思います。しかしながら、清潔感や雰囲気に関してご期待に沿えず申し訳ございませんでした。
 

 いただいたご指摘を真摯に受け止め、改善に努めてまいります。次回はより良い状態でお迎えできるようにいたしますので、またの機会があればぜひお越しください。お待ちしております。"
183366999,オリエンタルホテル 京都六条,オリエンタルホテル 京都六条,,綺麗な良いホテルです。,ja,4,POSITIVE,2024-12-06 17:55:43,"この度はオリエンタルホテル京都六条にご宿泊頂き、誠にありがとうございます。またお忙しい中、ご評価を頂き、重ねてお礼申し上げます。
今回の滞在におかれましてゆっくりとお寛ぎいただけましたら大変嬉しく存じます。
またのご来館をスタッフ一同心よりお待ち申し上げます。

オリエンタルホテル京都六条",ご宿泊いただきありがとうございます。ホテルの清潔さをご評価いただき、大変嬉しく思います。今後も快適にお過ごしいただけるよう努めてまいりますので、またのご利用を心よりお待ちしております。,"この度はご宿泊いただき、ありがとうございます。
 

 ホテルの綺麗さや快適さをご評価いただき、大変嬉しく思います。お客様にとって心地よい空間を提供できるよう、今後も努めてまいります。
 

 次回のご利用を心よりお待ちしております。"
183367004,オリエンタルホテル 京都六条,オリエンタルホテル 京都六条,,朝食が美味しく広々空間の落ち着けるホテル立地環境は住宅街に位置し閑静。館内の設計は共有空間が広くとられており、ゆとりを感じる。室内は広く設備は整っている。アメニティは必要最低限の用意。コンビニが徒歩５分なので事前に購入を済ませチェックインしたい。近隣にはレストランは少ない。館内にはアルコール、ソフトドリンクの自販機と製氷機が備わっている。朝食バイキングで品数は少なめだが白みその味噌汁や豆腐が美味しくごはんが頂ける。アクセスや立地が悪い事を除けば手頃で快適に過ごせるホテル。スタッフの対応は丁寧。,ja,4,POSITIVE,2024-12-06 17:55:45,"この度はオリエンタルホテル京都 六条をご利用賜り誠にありがとうございます。
また、貴重なお時間を割いてのご投稿に重ねてお礼申し上げます。

当ホテルはご紹介いただきました通り、駅より少し離れた静かな環境に立地しており、
もてなしの精神を茶の湯に学び客人を迎える「茶庭」と、そこへ続く「露地」をモチーフに癒しの空間をデザインしておりします。
またご朝食につきましても和食をメインにしており、ご満足頂けたようで何よりでございます。

今後ともオリエンタルホテル京都 六条をご愛顧賜りますよう心よりお願い申しあげます。
またのご来館を心よりお待ち申し上げております。

オリエンタルホテル京都 六条
支配人","この度はご宿泊いただき、誠にありがとうございます。 
 快適にお過ごしいただけたこと、大変嬉しく思います。朝食や館内の広々とした空間についてもご満足いただけたようで何よりです。
 

 ご指摘いただきましたアメニティや立地に関しての情報も活用し、今後のサービス向上に努めて参ります。
 

 また機会がございましたら、ぜひお越しください。スタッフ一同、心よりお待ちしております。","この度はご宿泊いただき、誠にありがとうございます。
 

 朝食や館内の広々とした空間をお楽しみいただけたとのこと、大変嬉しく思います。また、スタッフの対応にもご満足いただけたようで、心より感謝申し上げます。
 

 ご指摘いただいた近隣のレストランやアメニティに関しましては、今後の改善の参考とさせていただきます。
 

 お客様により快適にお過ごしいただけるよう努めて参りますので、ぜひ再度のご利用をお待ちしております。"
183367006,オリエンタルホテル 京都六条,オリエンタルホテル 京都六条,,部屋に、テーブルがあると尚いいです。,ja,4,POSITIVE,2024-12-06 17:55:45,"この度は、数あるホテルの中からオリエンタルホテル京都六条をお選びいただき、誠にありがとうございます。また、ご多忙にもかかわらず貴重なご意見をお寄せいただき、重ねて御礼申し上げます。
客室内のテーブルにつきましてフロントにてテーブルの貸出を行っております。ご要望の際にはお申し付けください。
またお近くにお越しの際には、是非お立ち寄りくださいませ。従業員一同心よりお待ち申し上げております。

オリエンタルホテル京都六条",ご宿泊いただきありがとうございます。ご指摘いただきましたテーブルに関して、貴重なご意見として今後の参考にさせていただきます。またのご利用をお待ちしております。,ご意見ありがとうございます。お部屋にテーブルがあるとより快適にお過ごしいただけるとのご指摘、しっかり受け止めました。今後の改善の参考にさせていただきます。貴重なご意見をありがとうございました。またのご来店をお待ちしております。
183367007,オリエンタルホテル 京都六条,オリエンタルホテル 京都六条,,浴槽の栓が繋がってるギボシについてですが、風呂に浸かっていた際に隙間から黒ずみが見えて、気分が台無しになりました。見えにくい部分ですが、清掃を徹底してもらいたく思います。ホテルのサービスについては、1階で一部のアメニティグッズが揃えられておりましたが、歯ブラシもあれば尚よかったなぁと感じました。スタッフ対応などは良かったと感じております。場所はアクセスしづらかったですが、仕方のないと感じております。,ja,3,MIXED,2024-12-06 17:55:45,"この度はオリエンタルホテル京都六条にご宿泊いただき、誠にありがとうございました。
また貴重なご意見を頂戴し、合わせて御礼申し上げます。
客室の清掃に関してご不快な思いをさせてしまったとのこと、心よりお詫びを申し上げます。
より一層お客様にお喜び頂ける場を目指し、精進を重ねて参ります。

オリエンタルホテル京都六条
","この度はご滞在いただき、また貴重なご意見を賜り、誠にありがとうございます。浴槽の栓に関してご不快な思いをおかけしましたこと、お詫び申し上げます。清掃の徹底を図り、改善に努めて参ります。アメニティに関しても、今後の参考にさせていただきます。
 

 スタッフへのお褒めのお言葉、ありがとうございます。お客様の貴重なご意見を基に、更に快適にお過ごしいただけるよう改善に努めます。次回のご利用を心よりお待ちしております。","お忙しい中、貴重なご意見をいただきありがとうございます。
 

 浴槽の清掃についてご指摘いただきました点、深くお詫び申し上げます。お客様に快適にお過ごしいただけるよう、清掃の徹底に努めてまいります。
 

 また、アメニティに関してのご要望も承りました。今後の改善に活かさせていただきます。
 

 スタッフ対応にご満足いただけた点、大変嬉しく思います。アクセスの面ではご不便をおかけしましたが、またの機会にお越しいただけることを心よりお待ちしております。"
183367010,オリエンタルホテル 京都六条,オリエンタルホテル 京都六条,,結論から申し上げて、再訪することはないと思います。チェックイン前に荷物を預かっていただきたく、お願いしました。フロントの若い男性は感じが良かったですが、名前を間違えられました。チェックインの際、今度は若い研修中の女性でしたが、その方からも同じ名前で間違えられました。どのような管理をされておられたのか疑問です。朝に預かっていただいた荷物とチェックイン時に持っていた荷物で計5個の袋を抱えてお部屋に行くことになりそうでしたので、荷物を配送したいので、配送が決まっているものを予めフロントで預かっていただきたい、後ほど他に配送する荷物も整理してお持ちしますとお伝えすると、今この場で伝票記入してもらわないといけない旨を伝えられました。荷物が全て揃ってから記入ではいけないのかな？5個口の荷物を抱えながら伝票記入をしなければいけないのかと思い、後からまとめてお持ちしますとお伝えして離れました。改めてフロントに配送の手続きに伺いました。先ほどとは違う若い女性。明らかに迷惑そうな表情。ダンボールが100サイズしかないとのことで承知しましたが、何の指示もなく淡々と組み立てをはじめ、目の前にはさみとガムテープを置かれ、無愛想にカウンターに立っている。100サイズのダンボール半分もいかない量の荷物で明らかに荷物が箱の中で乱れるだろうというほどのスペースがあるにもかかわらず、チェックもせずに客にガムテープで梱包までさせるのですね。日付指定をさせて頂きましたが、控えを渡す際に日時の確認や割れ物がないかの確認もなく、控えだけを渡されました。その後、翌朝の朝食を追加できないかお尋ねすると、既に満席とのこと。あの対応ですと満席ではなく、ただ面倒くさかったのだろうなとしか思えませんでした。翌朝、やはり配送の荷物の件が気になり、フロントで事情を話し、ダンボールの中身をチェックしていただきました。申し訳ございませんと言われましたが、この方に非はありません。2人がかりで緩衝材をいれて梱包して下さいましたが、緩衝材があるならなぜに受付した際から使用しないのか、不思議で仕方なかったです。面倒くさかったのでしょうね。たまたま対応の悪いスタッフに当たってしまったと思いたいですが、駅から10分弱の立地やコンセントが少ない、アメニティ削減等使い勝手も考えるとリピートはないかなと思います。そして、お部屋は冷房がついており、自動設定に変えましたが、変化はなく、あまりの寒さに寝つけず。。結局、隣のベッドの掛け布団もかけて就寝しました。癒しの旅のはずが、拷問を受けた気分でした。電子ケトルがありましたが、コンセントが少ないため、どちらで沸かしたらいいのか困り、使用できませんでした。設計ミスでしょうか。,ja,1,NEGATIVE,2024-12-11 18:03:31,"この度は当ホテルをご利用いただき、また貴重なご意見をお寄せいただきありがとうございます。お客様のご滞在に関してご不便をおかけしましたこと、心よりお詫び申し上げます。

お名前の間違いや荷物の配送手続きに関する対応について、スタッフの不手際によりご迷惑をおかけしたことを深く反省しております。お客様のご要望に迅速かつ丁寧に対応できるよう、スタッフへの指導を強化し、再発防止に努めます。

また、客室内の冷房の問題やコンセントの配置についてもご不便をおかけしたことをお詫び申し上げます。設備面においても今後の改善点として、検討させていただきます。

朝食についても、ご希望に沿えなかったこと、大変申し訳ございませんでした。お客様が感じられた通り、スタッフの態度に関しても反省し、全てのお客様に対して丁寧かつ心地よいサービスが提供できるよう努力いたします。

お客様のご意見を真摯に受け止め、より良いサービスを提供できるよう、スタッフ一同改善に取り組んでまいります。お手数ではございますが、次回機会があればぜひまたご利用いただければ幸いです。

お客様にとってより快適な滞在ができるよう、今後も努力してまいります。

誠に申し訳ございませんでした。","この度はご不快な思いをお掛けしてしまい、誠に申し訳ございませんでした。フロントでの対応や荷物の取り扱いについて不十分な点があったこと、心よりお詫び申し上げます。また、施設の設備やアメニティの件についてもご不便をおかけし、大変申し訳なく思っております。
 

 今回の経験を元に、スタッフの教育や施設の改善に努め、お客様に快適にお過ごしいただけるよう心掛けて参ります。貴重なご意見を賜り、誠にありがとうございました。もし今後も機会がございましたら、改善された姿をお見せできるよう努めたいと思います。改めて、お詫びと感謝を申し上げます。","この度はご利用いただき、誠にありがとうございます。
 

 しかしながら、ご期待にお応えできず、申し訳ありませんでした。スタッフの対応やお荷物の管理についてのご指摘、詳しくお聞かせいただき感謝申し上げます。大変不快な思いをさせてしまったこと、お詫び申し上げます。
 

 ご指摘いただいた点は、すぐに改善策を検討し、スタッフ教育の強化に努めてまいります。また、施設の設計やアメニティについても今後の参考にさせていただきます。
 

 快適な滞在を提供できるよう、一層の努力を重ねてまいりますので、今後ともご指導ご鞭撻のほどよろしくお願い申し上げます。"
183367051,オリエンタルホテル 京都六条,オリエンタルホテル 京都六条,,最寄りの駅は地下鉄烏丸線五条駅かバスでは堀川五条。（バス停留所の方が近いです。）リーズナブルだし、内装もキレイでスタッフさん達も丁寧でした。(⁠ ⁠ꈍ⁠ᴗ⁠ꈍ⁠)お部屋の広さも3人で利用したのですが、窮屈さも感じませんでした。朝食は美味しかったですが、品数は少なめに感じました。あと、時間帯で無料で利用出来るラウンジのサービス（ソフトドリンク、コーヒー、日本酒）は嬉しかったです。(⁠^⁠^⁠)リピも全然ありだと思いました。,ja,3,POSITIVE,2024-12-11 18:03:33,"この度はご利用いただき、誠にありがとうございます。ご滞在中に快適にお過ごしいただけたようで、大変嬉しく思います。

立地についてご案内いただきありがとうございます。最寄りの駅やバス停もご確認いただき、便利にご利用いただけたことと思います。お部屋の広さやスタッフの対応についてもお褒めの言葉をいただき、スタッフ一同大変励みになります。

朝食については品数に関してご意見をいただきありがとうございます。今後の改善点として参考にさせていただきます。また、ラウンジサービスもご利用いただき、楽しんでいただけたようで嬉しく思います。

次回のご滞在を心よりお待ちしております。またのお越しをスタッフ一同、心よりお待ちしております。

ありがとうございました。",この度はご利用いただきありがとうございます。施設やサービスにご満足いただけたようで嬉しく思います。朝食の品数についてのご意見もありがとうございます。参考にさせていただきますので、またお越しいただいた際にはさらに満足いただけるよう努めます。これからもぜひご利用ください。お待ちしております。,"この度はご利用いただき、ありがとうございます。
 

 立地や内装、スタッフの対応に関するお褒めの言葉をいただき、大変嬉しく思います。
 

 また、朝食についてのご意見もありがとうございます。品数については今後の改善点として検討させていただきます。
 

 ラウンジサービスを楽しんでいただけたとのこと、何よりです。リピートをご検討いただき、感謝いたします。
 

 今後ともご満足いただけるよう努めてまいりますので、ぜひまたお越しください。お待ちしております。"
183367056,オリエンタルホテル 京都六条,オリエンタルホテル 京都六条,,京都旅行で2泊お世話になりました。スタッフの方は若い方ばかり。初々しさこそありますが、優しさ溢れた方が多く、お部屋のシンプルさも含めて、Z世代の良さが溢れています。駅から多少離れてはいますが、観光には大変便利でした。京都旅行はたくさん歩きますよね。途中でお部屋に戻り、ラウンジのお茶やお菓子を頂きながらお部屋で休憩して、再び夜の京都を楽しむ旅を満喫できました。ちなみに、ラウンジのお菓子のアーモンドキャラメルはJALのファーストクラスラウンジでも選ばれている物と同じ物。アーモンドカシューナッツも含め、本当に幸せな気持ちになりました。朝食は品数は少ないですが、とても美味しく、白味噌のお味噌汁とデザートの手作り最中が絶品でした。京都から帰ってからも、あの最中が食べたくなり、地元のあんこ屋さんで餡とモナカの皮を購入し再現してみましたが、ホテルの味には追いつきませんでした。京都にはまた来たいと思わせる何かがありますね。また行きたいと思います。,ja,5,POSITIVE,2024-12-06 17:55:52,"この度はオリエンタルホテル京都六条に宿泊いただき、誠にありがとうございます。お客様が素敵な京都旅行をお楽しみいただけたこと、スタッフの対応やホテルのサービスがご満足いただけたことを大変嬉しく思っております。

お部屋や施設、そして朝食に関するご意見、誠にありがとうございます。お部屋のシンプルな内装や、朝食の美味しさがお好きいただけたようで、私たちも大変嬉しく思っております。また、ラウンジでのお茶やお菓子を楽しみ、夜のライトアップをお楽しみいただけたことも嬉しいご感想です。

今後もお客様にとって心地よい空間を提供できるよう、スタッフ一同努めてまいります。またのご来館を心よりお待ちしております。
オリエンタルホテル京都六条","この度は当施設にご宿泊いただき、素敵な口コミをありがとうございます。スタッフの対応やお部屋、ラウンジのサービスにご満足いただけたようで、大変嬉しく思います。特にアーモンドキャラメルや手作り最中を気に入っていただけたこと、私たちもとても誇らしく思っております。
 

 京都でのご滞在が充実したものになったようで何よりです。お客様の旅の一助となれたことを光栄に感じます。次回お越しの際も、より良い滞在を提供できるよう努めてまいりますので、またのご来訪を心よりお待ちしております。","ご宿泊ありがとうございました。
 

 お客様の京都旅行を素晴らしいものにできたこと、大変嬉しく思います。スタッフの温かさやお部屋のデザインにご満足いただけたこと、またラウンジのお菓子についてのお褒めの言葉もありがとうございます。特にアーモンドキャラメルや手作り最中が印象に残り、お帰り後も再現に挑戦されたとのこと、嬉しい限りです。
 

 京都の魅力を感じながら快適にお過ごしいただけたこと、再びお越しいただけるお言葉を励みにこれからも努めてまいります。
 

 またのご来店を心よりお待ちしております。"
183367067,オリエンタルホテル 京都六条,オリエンタルホテル 京都六条,,2泊しました、とても快適でした。朝食も美味しい、特に南禅寺のお豆腐は最高です。フリードリンクも日本酒等有ります。歩いて5分程で綺麗な銭湯もあり便利です。京都駅からはタクシーでワンメーターです。,ja,5,POSITIVE,2024-12-06 17:55:53,"
2泊のご滞在、そしてご感想を共有いただきありがとうございます。お客様が快適な滞在をお楽しみいただけたこと、そして朝食やフリードリンク、近隣の銭湯にもご満足いただけたこと、大変嬉しく存じます。

特に南禅寺のお豆腐がお気に召していただけて、それが最高の一品となったことを知り、大変嬉しく存じます。フリードリンクや周辺の設備がお役立ちいただけたようで、これも何よりです。

京都駅からのアクセスも便利で、タクシーでワンメーターで行けるほど近い距離だった点に関しても他の皆様に共有いただき御礼申し上げます。

またの機会にぜひお越しいただけることを心よりお待ちしております。どうもありがとうございました。",この度はご宿泊いただきありがとうございます。快適にお過ごしいただけたようで、大変嬉しく思います。特に朝食のお豆腐を気に入っていただけたこと、光栄です。フリードリンクや周辺の銭湯もご満足いただけたようで何よりです。交通の便もご評価いただき感謝しております。またお越しいただける日を心よりお待ちしております。,"この度は2泊のご利用、誠にありがとうございました。  
 

 快適にお過ごしいただけたとのこと、大変嬉しく思います。朝食のお豆腐やフリードリンクのサービスもお気に召していただけたようで、何よりです。  
 

 銭湯が近くにある点も便利に感じていただけたようで、良かったです。これからもお客様に愛される宿を目指してまいりますので、ぜひまたお越しください。お待ちしております。"
183367068,オリエンタルホテル 京都六条,オリエンタルホテル 京都六条,,清潔で機能的なホテルです。ただ、基本的に外国人の方向けかと。日本人はちょっと肩身が狭いかな。お客さんも7割くらいがアジア系外国人のようで、朝食会場はかなり騒がしかったです。肉どうふや自分で作る最中は美味しかったけど、半分以上パンやスクランブルエッグなどの洋食でした。お風呂もバストイレ一体型、シャワーの水圧弱め。決して悪いホテルではないんだけど……朝食会場のざわざわが今でも脳裏に焼き付いています。,ja,3,MIXED,2025-05-13 17:27:26,"この度はオリエンタルホテル京都六条にご宿泊いただき、誠にありがとうございます。
また、貴重なご意見をお寄せいただき、重ねて御礼申し上げます。

ご滞在中はご朝食やお部屋の設備など、さまざまな面に目を向けていただきありがとうございました。
今後もより快適にお過ごしいただけるよう、サービスの向上に努めてまいります。
また京都にお越しの際には、ぜひ当館をご利用いただけますと幸いです。","この度はご宿泊いただき、貴重なご意見をありがとうございます。
 

 施設の清潔さや一部のお食事を楽しんでいただけたようで嬉しく思います。ただ、朝食会場の混雑や騒がしさについてご不便をおかけし、申し訳ございません。ご指摘いただいた点については、今後のサービス改善に役立てて参ります。
 

 お風呂や朝食の内容についても、より多くのお客様に快適にお過ごしいただけるよう検討してまいります。次回お越しいただいた際には、さらにご満足いただけるよう努めて参りますので、またのご利用をお待ちしております。","この度はご利用いただき、ありがとうございます。
 

 清潔で機能的と評価していただき、感謝申し上げます。  
 朝食会場の騒がしさや、朝食メニューについてのご意見をお寄せいただき、誠にありがとうございます。 
 

 今後の改善の参考にさせていただきますので、貴重なご意見として受け止めさせていただきます。  
 少しでも快適にお過ごしいただけるよう努めて参りますので、次回のご利用を心よりお待ちしております。"
183367069,オリエンタルホテル 京都六条,オリエンタルホテル 京都六条,,建物綺麗なんだけど、他の方も書いているけど清掃が甘い。あとアメニティ歯ブラシしかなかった。コンビニ離れてるから記載しといて欲しいわ。朝食はいい感じなんだけど問題は配置。ドリンク系は別に置いた方がいいのと料理から席が近すぎて狭い。時間ある程度割り振ればいいのに。あとサラダは欲しい。,ja,2,MIXED,2024-12-06 17:55:54,"貴重なご意見をいただき、誠にありがとうございます。建物の美しさについてのお褒めの言葉、そして清掃の点でのご指摘、アメニティに関するご感想、朝食の配置や内容に関するご意見、すべてについて真摯に受け止めております。

清掃に関しては、お客様が心地よく過ごせるように、スタッフへの指導と改善に努めます。アメニティに関しましては、1Fフロント横にヘアブラシやコットンセットなど様々なものを設置しており、ご自由にお取りいただけるようになっております。ご案内が足りず申し訳ございません。それらの充実度や周辺情報の記載についても見直しを行い、より快適なご滞在を提供できるよう努めます。

朝食の配置や内容についてのご提案も、今後の改善の参考にさせていただきます。お客様のご意見は大変重要で、これからのサービス向上に役立てさせていただきます。

またの機会にぜひご利用いただければと願っております。どうもありがとうございました。","この度は貴重なご意見をいただき、誠にありがとうございます。
 

 清掃やアメニティについてご不便をおかけしましたこと、お詫び申し上げます。迅速に改善に努めてまいります。また、アメニティや周辺施設の情報についても、今後の案内に反映させていただきます。
 

 朝食の配置やメニューについてもご指摘いただき感謝いたします。お客様のご意見を参考に、より快適にお過ごしいただけるよう努めてまいります。
 

 またのご利用を心よりお待ちしております。","ご利用いただきありがとうございます。
 

 清掃やアメニティ、レイアウトに関する貴重なご意見、誠にありがとうございます。清掃状況については、改善に努めてまいります。また、アメニティや周辺情報についても、今後の参考にさせていただきます。
 

 朝食の配置についてのご指摘も、大変参考になります。お客様に快適にお過ごしいただけるよう、改善を検討いたします。
 

 またのご来店を心よりお待ちしております。"
183367070,オリエンタルホテル 京都六条,オリエンタルホテル 京都六条,,年始に朝食付きで1泊しました。最寄り駅から少し歩いたところにあります。もっと近ければいいなぁと思いましたが、街並みを見ながら歩いていたらあっという間でした！荷物を減らすために、フロントで荷物を預けました。その際のフロントの方の対応もよかったです。建物は和がモチーフになっていて、とても綺麗でした。部屋の中も綺麗で広く、くつろぐことが出来ました！朝食はバイキング方式でした。一つ一つのクオリティがとても高く、どれも美味しかったです。値段も安くて大満足でした！京都に行く際はまた泊まりたいと思いました！,ja,5,POSITIVE,2024-12-06 17:55:54,"
ご宿泊いただき、そして詳細なご感想をありがとうございます。お客様が建物や部屋、そして朝食にご満足いただけたことを知り、大変嬉しく思います。

少し歩く距離に位置しているものの、街並みを楽しみながらのお散歩が良い思い出になったようで、何よりです。また、荷物の預かりサービスに対するフロントスタッフの対応にもご満足いただけたようで、お褒めのお言葉をいただきありががとうございます。

和のモチーフが美しく取り入れられた建物や広くてくつろげるお部屋、そして高品質なバイキング朝食がお好みに合い、こちらも大変嬉しいお言葉です。

次回もぜひお越しいただけることを心よりお待ちしております。この度はご宿泊いただき誠にありがとうございました。","年始にご利用いただき誠にありがとうございます。最寄り駅からの距離にもかかわらず、街並みを楽しんでいただけて嬉しく思います。また、フロントや施設内での快適な宿泊をお楽しみいただけたとのこと、大変光栄です。
 

 朝食のクオリティについてもお褒めの言葉をいただき、スタッフ一同励みになります。また京都にお越しの際にお会いできることを楽しみにしております。ありがとうございました。","この度はご宿泊いただき、誠にありがとうございます。
 

 最寄り駅からの道のりを楽しんでいただけたとのこと、とても嬉しく思います。 
 

 フロントの対応や、お部屋や朝食についてもお褒めの言葉をいただき、スタッフ一同励みになります。 
 

 お客様のまたのご来店を心よりお待ちしております。京都での素敵な思い出作りにお力添えできれば幸いです。"
183367071,オリエンタルホテル 京都六条,オリエンタルホテル 京都六条,,スタッフさんの対応がすごく良かったです！ホテルの中ももすごくキレイで素敵でした。また利用したいと思います！素敵な時間をありがとうございました♪,ja,5,POSITIVE,2024-12-06 17:55:54,"素敵なお言葉、誠にありがとうございます！スタッフの対応が良かったとのお褒めの言葉を受け、大変嬉しく思います。また、ホテルの内部が清潔で素敵だったとの印象も嬉しく存じます。

次回もぜひご利用いただけることを心よりお待ちしております。素敵な時間を過ごしていただけたこと、またの機会にお会いできることを嬉しく思います。どうもありがとうございました！","この度はご利用いただきまして、誠にありがとうございます。スタッフの対応やホテル内の環境についてお褒めの言葉をいただき、大変光栄です。お客様にとって素敵な時間となったことを嬉しく思います。
 

 またのご利用をスタッフ一同、心よりお待ちしております。今後とも素晴らしいサービスを提供できるよう努めてまいります。ありがとうございました。","ご利用いただき、誠にありがとうございます。
 

 スタッフの対応とホテルの清潔さをお褒めいただき、大変嬉しく思います。 お客様に素敵な時間を提供できたことは私たちの大きな喜びです。 
 

 またのご利用を心よりお待ちしております。ありがとうございました！"
183367072,オリエンタルホテル 京都六条,オリエンタルホテル 京都六条,,色々素敵ですが、場所が分かりにくい、ティファール使うにも近くにコンセントの差し込み口が無いのでベッド近くで湯沸かしたり…朝食種類少な目でした。,ja,3,MIXED,2024-12-06 17:55:54,"ご宿泊いただき、そして貴重なご意見をありがとうございます。お褒めいただいた点に感謝いたしますが、場所が分かりにくいとのご指摘、お部屋のコンセントの位置や朝食の種類に関するご意見については、真摯に受け止め、今後の改善に活かしてまいります。

特にティファールの利用においてコンセントの位置が不便であったこと、朝食の種類が少なかったことについては、お客様にとって快適な環境を提供できるよう努めてまいります。また、場所に関する案内や表示の向上にも注力してまいります。

次回のご滞在でより良いサービスをご提供できるように、改善点をしっかりと検討させていただきます。お客様のご意見に感謝し、またの機会にお越しいただけることを心よりお待ちしております。どうもありがとうございました。","ご意見をお寄せいただきありがとうございます。
 

 場所のわかりにくさや設備の配置につきまして、ご不便をおかけして申し訳ございません。貴重なご指摘を参考に改善に努めます。
 

 朝食の種類についても、より満足いただけるよう工夫してまいります。
 

 またのご利用をお待ちしております。どうぞよろしくお願いいたします。","この度はご利用いただきありがとうございます。
 

 気に入っていただけた点があった一方で、ご不便をおかけし申し訳ございません。場所やコンセントの位置についてのご指摘は、今後の改善に活かさせていただきます。また、朝食の種類についても見直しを検討いたします。
 

 貴重なご意見をいただき感謝いたします。次回はより満足していただけるよう努めてまいりますので、ぜひまたのご利用をお待ちしております。"
183367076,オリエンタルホテル 京都六条,オリエンタルホテル 京都六条,,お正月だからでしょうか、ウェルカムドリンクに日本酒の提供がありました,ja,4,NEUTRAL,2024-12-06 17:55:55,"この度はご宿泊並びに口コミ投稿をいただき誠にありがとうございます。
ウェルカムドリンクの日本酒に関しては、2023年末ごろより通常メニューとしてご用意させていただいております。
京都にある酒造の日本酒2種類を皆様にお楽しみいただけましたら幸いでございます。

またのお越しをスタッフ一同心よりお待ちしております。
この度は誠にありがとうございました。",この度はご来店いただき、誠にありがとうございます。特別なお正月の雰囲気を楽しんでいただけたようで嬉しく思います。今後も様々な工夫を凝らし、お客様に喜んでいただけるサービスを提供して参ります。またのご来店を心よりお待ちしております。,"口コミをお寄せいただき、ありがとうございます。
 

 お正月の特別なウェルカムドリンクをご覧いただき、嬉しく思います。日本酒を楽しんでいただけたこと、大変光栄です。
 

 今後も季節ごとの特別なサービスを展開してまいりますので、ぜひまたのご来店をお待ちしております。"
183367078,オリエンタルホテル 京都六条,オリエンタルホテル 京都六条,,落ち着いていて、京都らしくて良いです。駐車場がホテル内に無い事だけが、残念。もっとも近くにコインパーキングは有りますが。京都のホテルは結構みんなそうかもしれませんが、海外からの旅行客が多いです。最近レンタルサイクルの予約貸出を始めたようで、京都は余り広く無いので、それを利用すると行動範囲が広くなって面白いと思います。,ja,4,MIXED,2024-12-06 17:55:56,"この度はオリエンタルホテル京都六条にご滞在をいただき誠にありがとうございます。
またご感想もお寄せいただき重ねてお礼を申しあげます。
ご不便をお掛けしてしまい誠に申し訳御座いません。
今後も快適で心地よいご滞在をお手伝いできるよう日々精進してまいります。
またのご来館を従業員一同心よりお待ち申し上げております。
オリエンタルホテル京都六条 フロント　高木",この度はご利用いただき、誠にありがとうございます。お店の雰囲気や、レンタルサイクルをご評価いただき大変嬉しく思います。駐車場につきましてはご不便をおかけして申し訳ございません。近隣のコインパーキングのご案内をさせていただくよう努めておりますので、何かご不明点がございましたらお知らせください。またのご来店を心よりお待ちしております。,"この度はご宿泊いただき、誠にありがとうございます。
 

 落ち着いた雰囲気や京都らしさを感じていただけたとのお言葉、大変嬉しく思います。駐車場に関するご指摘も、貴重なご意見として承ります。近隣のコインパーキングをご利用いただけるとのこと、何とかご不便をおかけしないよう努めてまいります。
 

 レンタルサイクルのサービスもご利用いただければ、京都の魅力をより楽しんでいただけると思います。またの訪問を心よりお待ちしております。"
183367079,オリエンタルホテル 京都六条,オリエンタルホテル 京都六条,,お部屋綺麗です！無料サービスが充実しており、店員さんが丁寧です。11月の繁盛期でもコスパ良いのでリピートしたいです。〈無料サービス〉・コーヒーやジュースのドリンク・ナッツ等の軽食・電動自動車の貸し出し,ja,5,POSITIVE,2024-12-06 17:55:56,"口コミ投稿並びにホテル内の無料サービスのご紹介、誠にありがとうございます！お部屋の綺麗さや無料サービス、そしてスタッフの丁寧さがお客様にご満足いただけたこと、大変嬉しく思います。11月の繁忙期でもご満足いただけたとのお言葉、スタッフ一同大変感激しております。
お客様のリピートをお待ちしておりますし、今後もお客様にとって心地よい滞在を提供できるように努めてまいります。何かご要望やご意見がございましたら、どうぞお気軽にお知らせください。またのご利用を心よりお待ちしております。",この度はご利用いただき、誠にありがとうございます。お部屋や無料サービス、スタッフの対応にご満足いただけたようで光栄です。特に繁盛期の中でのコストパフォーマンスを評価していただけたこと、大変嬉しく思います。またのご利用を心よりお待ちしております。そして、素敵な時間をお過ごしいただけるよう引き続き努力してまいります。,"お忙しい中、貴重なご感想をありがとうございます。
 

 お部屋の清潔感や無料サービスに満足いただけたとのことで、とても嬉しく思います。特に店員の対応もお褒めいただき、励みになります。
 

 コストパフォーマンスにもご納得いただき、リピートの意欲を示していただけたことが何よりの喜びです。11月の繁忙期にもぜひお越しください。
 

 またお会いできることを楽しみにしております！"
183367090,オリエンタルホテル 京都六条,オリエンタルホテル 京都六条,,アクセスが少し不便でしたが綺麗で広くて快適でした。ドリンクサービスも充実、朝食もとても美味かったです。若いフロントスタッフの男性がイケメン、女子旅だったら楽しい思い出になりますね。,ja,5,POSITIVE,2024-12-06 17:55:59,"この度はご宿泊並びに口コミ投稿ありがとうございます。アクセスが少し不便だったとのこと、ご不便をおかけいたしました。ただ、お部屋が綺麗で広く快適な滞在ができたとも仰っていただき、スタッフ一同大変嬉しく存じます。ドリンクサービスが充実しており、朝食も美味しかったとのお言葉、重ねて御礼申し上げます。

また、若いフロントスタッフの男性が印象的だったとのコメントもありがとうございます。女子旅だけでなく皆様に快適なご滞在をご提供できるよう、今後も精進してまいります。
また京都にお越しの際にはぜひ当ホテルをご利用くださいませ。スタッフ一同心よりお待ちしております。",この度はご利用いただき、誠にありがとうございます。ご滞在を楽しんでいただけたようで、大変嬉しく思います。アクセスのご不便については心よりお詫び申し上げますが、その分快適にお過ごしいただけたとのこと、とても励みになります。ドリンクサービスや朝食を評価いただきありがとうございます。スタッフへの温かいお言葉も感謝いたします。次回のご訪問も心よりお待ちしております。,"この度はご利用いただき、誠にありがとうございます。
 

 アクセスについてご不便をおかけしましたが、快適にお過ごしいただけたようで嬉しく思います。 
 

 ドリンクサービスや朝食をお楽しみいただけたこと、またフロントスタッフに対してのお褒めのお言葉もありがとうございます。
 

 女子旅など、特別な時間を過ごす場所としてご利用いただけるよう、引き続き努力して参ります。
 

 またのご来店を心よりお待ちしております。"
183367091,オリエンタルホテル 京都六条,オリエンタルホテル 京都六条,,京都駅から近く東本願寺と西本願寺の中間にあり朝食も美味しいく良いホテルでした。,ja,4,POSITIVE,2024-12-06 17:55:59,"この度は口コミを共有いただきありがとうございます。
お客様がおっしゃる通り、当ホテルは京都駅からは徒歩圏内で東本願寺と西本願寺の中間に位置しており、また各観光地行きのバス停も近いためおすすめさせていただいております。ご満足いただけたようで光栄でございます。

また、朝食が美味しかったとのお言葉、スタッフ一同励みになります。誠にありがとうございます。今後もお客様にとって快適で思い出に残る滞在を提供できるよう、朝食を含め各サービスの向上に努めてまいります。またの機会にぜひお越しいただければ幸いです。何かご質問やご要望がありましたら、どうぞお気軽にお知らせください。",ご宿泊いただきありがとうございます。また、ホテルの立地や朝食についてお褒めの言葉をいただき大変嬉しく思います。これからも快適にお過ごしいただけるよう努力してまいりますので、ぜひまたお越しください。お待ちしております。,ご滞在いただき、ありがとうございます。立地や朝食をお楽しみいただけたとのこと、大変嬉しく思います。今後ともお客様にご満足いただけるよう努めて参りますので、ぜひまたお越しくださいませ。お待ちしております。
183367092,オリエンタルホテル 京都六条,オリエンタルホテル 京都六条,,急遽、夜に京都に行く事になり23時すぎにネット予約。京都の旅行支援を使いたかったのでそのプランにしました。チェックインが0時前になり、電話にて駐車場の場所をお伺いしたら丁寧に説明して下さいました。23時までドリンクが無料などのサービスがあったようですが、素泊まりで時間も遅く、ただ泊まるだけになりました。でも、他にも同じくような時間帯にチェックインしてる海外の方もいました。喫煙所は、1階にありましたが、ロビーに人が多くなる時間、10時までは使えないなど配慮はされてるなと思いました。吸う側からしたら、10時まで我慢しましたが笑部屋は、普通のツインだったので狭く、机が無いのと、冷蔵庫が小さくて、2リットルのペットボトルが入りませんでした。でも、2本無料の水が用意されてました。場所としては、車だったのでそれほど困らないのと、とても静かで滞在中はゆっくり寝れました。全体的に建物も綺麗で満足です。素泊まりでチェックインが遅い私たちには、サービスが利用できずでこの広さでこの価格はちょっと高く感じましたが、また機会があればサービスを受けたいと思います。フロントの方は確かにクールでしたが、わかりやすい説明で良かったです。,ja,4,NEGATIVE,2024-12-06 17:56:00,"この度は口コミを投稿いただき誠にありがとうございます。急な夜の京都訪問でのご宿泊、お疲れさまでございました。また、京都の旅行支援をご活用いただけたことも大変嬉しく存じます。

チェックインが夜遅くなり、サービスをあまり利用できなかった点について、お客様のご意見を真摯に受け止めております。喫煙所の利用制限についても、ご理解あるお言葉をいただき誠にありがたく存じます。
お部屋の広さや設備に関するご意見も重要で、デスクのない点や小さな冷蔵庫の使い勝手に関するご指摘、誠にありがとうございます。これらのご意見は今後の改善点として参考にさせていただきます。
今回、静かで心地よい滞在をお過ごしいただけたこと、建物の清潔さにご満足いただけたことを伺い、大変嬉しく思います。機会がありましたら、またのご利用の際にぜひホテルのサービスぞ存分にご利用くださいませ。スタッフ一同心よりお待ちしております。","この度はご利用いただきありがとうございます。夜遅くのご到着にもかかわらず、私たちの施設で快適にお過ごしいただけたようで嬉しく思います。駐車場やチェックインに関してお褒めの言葉をいただき、光栄です。喫煙所の利用時間についてのご意見や、お部屋の広さや設備に関するご指摘もありがとうございます。貴重なご意見を元に、今後のサービス向上に努めてまいります。
 

 次回お越しいただく際には、より多くのサービスをご利用いただけるよう、ぜひ早めのチェックインもご検討ください。またのご来館を心よりお待ちしております。","この度はご宿泊いただき、ありがとうございます。
 

 夜遅くのチェックインにも関わらず、丁寧な説明ができたことを嬉しく思います。お客様の滞在が静かで快適であったとのお言葉、心より感謝いたします。
 

 ご指摘いただきました部屋の広さや冷蔵庫のサイズについては、貴重なご意見として今後の改善に活かさせていただきます。また、サービスを充分にご利用いただけなかったことについては、次回のご利用時にはぜひお楽しみいただければと思います。
 

 フロントの対応についても、いただいたご感想をスタッフ全体で共有し、より良いサービスが提供できるよう努めて参ります。
 

 再度のご利用を心よりお待ちしております。"
183367094,オリエンタルホテル 京都六条,オリエンタルホテル 京都六条,,宿泊の一週間前に出張が決まって慌てて予約したホテルでした。朝食付きで寝れればどこでもいいやという感じで急いで予約したホテルでしたが、いざ、当日着いてみると、ほんとにこの値段でいいの？と思うくらい素敵な一日を過ごすことができました。おかけで、仕事という嫌な気持ちが少し軽くなり、快適な２日間となりました。ぜひ、また利用できる機会があればゆっくりとお邪魔したいです。,ja,5,POSITIVE,2024-12-06 17:56:00,"この度はオリエンタルホテル京都六条に宿泊いただき、口コミを投稿していただきまして誠にありがとうございます。
お仕事での急な出張にもかかわらず、当ホテルをお選びいただき、快適なお時間をお過ごしいただけたことを大変嬉しく思います。
仕事の疲れを少しでも癒やせ、心地よい滞在ができたことが何よりです。
朝食やお部屋の内装に関するご感想も、スタッフ一同大変嬉しく受け取りました。お客様のご期待に添えるよう、今後もサービスの向上に努めてまいります。
またのご利用を心よりお待ちしております。
オリエンタルホテル京都六条",この度はご宿泊いただき、さらに素敵なご感想をありがとうございます。出張でのご滞在だったとのことですが、快適にお過ごしいただけたようで嬉しく思います。当ホテルでの滞在が少しでもお仕事の助けになったのであれば幸いです。次回はゆっくりとした時間を過ごしていただけるよう、スタッフ一同心よりお待ちしております。ぜひまたのお越しを楽しみにしています。,"この度はご宿泊いただき、誠にありがとうございます。
 

 急なご予約にもかかわらず、素敵な時間をお過ごしいただけたとのこと、大変嬉しく思います。私たちのサービスが仕事の疲れを少しでも軽減できたなら、何よりの喜びです。
 

 またのご利用を心よりお待ちしております。その際は、さらにご満足いただけるよう努めてまいりますので、ぜひゆっくりとお越しください。"
183367095,オリエンタルホテル 京都六条,オリエンタルホテル 京都六条,,エントランスから階段の反バリアフリーでだめ。ホテルの基本がなってない。そこから部屋に行くまででタバコの煙の臭いがあるのは最悪。・1階のロビー&エレベーターが喫煙ルームの煙が来るのか臭い。なんで今時のホテルに喫煙ルーム設けたの？しかもみんなが通る所の近くに。製氷機の辺りに設けたらまだ遠くて煙も来なくて良かったんじゃない？・入り口が階段で下がらないといけない。みんな観光客はスーツケースで来るのに、なにこの設計？ベビーカーも使いずらい。助けてくれるドアマンがいる訳でもないし、スロープつければ良いのに。,ja,1,NEGATIVE,2024-12-06 17:56:01,"この度は口コミ投稿をいただき誠にありがとうございます。
ホテルの入り口の階段に関して、ご不便をおかけいたしました。実際のところ他のお客様方からも同様のお声はいただいているのですが、ホテルの設計上、今後スロープを設置することは難しいのが現状でございます。ご理解いただきますようお願い申し上げます。

喫煙所の煙に関してもご迷惑をおかけいたしました。お客様が仰せの製氷機付近には客室もございますので、ホテルとしてはそちらに喫煙所を移動することは出来かねます旨ご承知いただけますと幸いです。
設計上、パブリックエリア内フロント～エレベーターホールのお客様の動線から一番遠い場所に喫煙所を設けておりますが、扉の開くタイミング如何によってご迷惑をおかけしております。申し訳ございません。

何か私共でできる対応がないか、スタッフ内で協議して参ります。ご意見をお寄せいただきありがとうございました。","ご意見をお寄せいただき、誠にありがとうございます。ご不便をおかけし、申し訳ございませんでした。
 

 エントランスや喫煙エリアに関する問題については、今後の改善に向けて貴重な参考とさせていただきます。多くのお客様に快適にお過ごしいただけるよう、施設面の見直しを検討いたします。
 

 貴重なお時間を割いてご指摘いただき、ありがとうございました。ご不満を解消できるよう努めて参りますので、またのご利用をご検討いただければ幸いです。","この度はご滞在いただき、貴重なご意見をいただき誠にありがとうございます。
 

 エントランスのバリアフリー対応や喫煙ルームの設置について、ご不便をおかけしましたことを心よりお詫び申し上げます。お客様のお声を社内でしっかりと共有し、今後の改善に努めて参ります。
 

 お客様に快適にお過ごしいただける環境を提供することが私たちの目標ですので、なにかお気づきの点があればぜひお知らせください。
 

 再度のご来店をお待ちしております。"
183367099,オリエンタルホテル 京都六条,オリエンタルホテル 京都六条,,和がコンセプトのホテルで外国人に人気がありそう。実際外国の方が多かった。外観やエントランスがとても素敵で作り込まれていた。部屋は普通。部屋に備え付けのUSB照明が点灯せず問い合わせしたら接触が悪いとのことで交換をお願いしたのですが、交換後の照明も点灯しませんでした。あとは清掃が甘いような…アーリーチェックインやレイトチェックアウトの対応、レンタル自転車のサービスはとても良かった。コスパも含めて全体的には満足です。,ja,4,POSITIVE,2024-12-06 17:56:03,"この度は口コミ投稿をいただき誠にありがとうございます。
ホテル外観やエントランスに関してもお褒めいただき重ねて御礼申し上げます。
しかしながら、清掃が甘いとお感じになった・客室内照明も使用できなかったとのこと、ご不便ご迷惑をおかけし誠に申し訳ございません。
その後清掃スタッフに対し、今後のより一層の念入り清掃とライトの確認も徹底して行うよう周知いたしましたことをこの場を借りてご報告申し上げます。
ご宿泊ありがとうございました。またのお越しをスタッフ一同心よりお待ちしております。",この度はご宿泊いただき、誠にありがとうございます。ホテルのデザインやサービスにご満足いただけたこと、大変嬉しく思います。しかし、お部屋のUSB照明や清掃についてご不便をおかけし、申し訳ございませんでした。今後、改善に努める所存です。お客様からの貴重なご意見を参考に、さらに快適にお過ごしいただけるよう努めて参ります。またのご来館を心よりお待ちしております。,"この度はご宿泊いただき、誠にありがとうございます。
 

 和のコンセプトを気に入っていただけたこと、とても嬉しく思います。また、外観やエントランスの作り込みについてもお褒めの言葉をいただきありがとうございます。
 

 ただ、部屋のUSB照明の件や清掃についてご不便をおかけし、大変申し訳ありませんでした。早急に確認し、改善に努めてまいります。お客様のお声は私たちにとって貴重なものであり、今後の向上に活かさせていただきます。
 

 アーリーチェックインやレイトチェックアウト、レンタル自転車のサービスをお楽しみいただけたとのこと、何よりです。
 

 引き続きご満足いただけるよう努力してまいりますので、またのご利用を心よりお待ちしております。"
183367100,オリエンタルホテル 京都六条,オリエンタルホテル 京都六条,,ふたりで宿泊しましたauPAYマーケットからの予約で2023年11月29日の宿泊ですひとり一泊朝食バイキング付き6000円＋紅葉のトップシーズン？ということで追加料金ひとり2200円を支払ったので…合計ひとり8800円✕二人分＝17600円それに後述する駐車料金を含めて宿泊費用総額18800円也立地的にもなんの問題はなく、新しく綺麗な館内や客室もポイント高めロビーでは常時無料ドリンクサービスも用意されていてアメニティ等も充分なサービスも受けられましたホテルでは朝食バイキングをいただきましたが平均的な観光ホテルのレベルを充分に満たしていると思いましたし京都らしく白味噌の味噌汁が嬉しかった駅や観光地(繁華街)まで歩きだと少し距離があるようですが自家用車での旅行だったので特に不便もなくホテルには駐車場は無いものの50メートル範囲内にコインパーキング(1200円)があったので特に問題はありませんでした清水寺や祇園〜先斗町〜木屋町通りあたりへ車で10〜15分程度嵐山方面へも20〜30分あれば余裕で移動出来たので観光も楽々充実した旅行が出来ましたホテルの周囲は閑静な住宅街で朝も夜も静かでゆったり宿泊出来た5階の部屋を割り振っていただき窓から京都タワーが見えたのも“京都らしさ”を味わえて良かったですフロントの対応もスマートかつ無駄がなくてスムーズでした同行者がはじめての京都旅行だったのでオリエンタルホテル京都六条さんでの宿泊も含めて満足の出来る旅が出来たことに感謝いたします宿泊に際して、こちらの要望も聞き入れていただきご配慮いただいた点にも感謝しております京都旅行の際はまた利用したい場所となりました、総じて良いホテルだと評価させていただきます、ありがとう御座いました,ja,4,POSITIVE,2024-12-06 17:56:03,"この度はオリエンタルホテル京都六条にご宿泊いただきありがとうございます。
また、客室や朝食、ロケーションに関してお褒めの言葉も頂戴し重ねて御礼申し上げます。
ご滞在におかれまして満足していただけたようで大変嬉しく存じます。
京都にお越しの際はまたのご利用を心よりお待ちしております。
オリエンタルホテル京都六条","この度は当ホテルをご利用いただき、誠にありがとうございます。詳細な口コミと高評価をいただき、心より感謝申し上げます。館内や客室、朝食バイキング、さらに立地にご満足いただけたようで大変嬉しく思います。また、スタッフの対応に関してもお褒めの言葉を頂戴し、励みになります。
 

 駐車場の件に関しても、問題なくご利用いただけたとのこと、安堵しております。お連れ様との京都旅行が充実したものとなり、当ホテルがその一部を担えたことを光栄に感じております。
 

 ぜひまた京都を訪れる際には、当ホテルをご利用いただけると幸いです。再びお迎えできる日を楽しみにしております。ありがとうございました。","この度はご宿泊いただき、また詳細なご感想をお寄せいただきありがとうございます。
 

 ご滞在にご満足いただけたとのことで、スタッフ一同大変嬉しく思っております。また、各種サービスや立地についてもお褒めの言葉をいただき、感謝申し上げます。
 

 お客様の京都旅行が充実したものとなったことを知り、大変光栄です。次回のご利用を心よりお待ちしております。安心してご宿泊いただけるよう、今後もサービスの向上に努めて参ります。 
 

 貴重なお時間をいただき、ありがとうございました。"
183367103,オリエンタルホテル 京都六条,オリエンタルホテル 京都六条,,コスパは良いと感じましたフロントの対応は今ひとつでしたが、部屋は良かったです。駅からの遠さを我慢できれば良いホテルだと思います。,ja,4,MIXED,2024-12-06 17:56:04,"この度は当ホテルをご利用いただき誠にありがとうございます。また、ご感想をお知らせいただきありがとうございます。
コスパにご満足いただけたこと、そして部屋に関して好意的なご意見をいただき、大変嬉しく存じます。一方で、フロントの対応が今ひとつとお感じになったことに関して誠に申し訳ございませんでした。お客様の期待に添えなかったことを心よりお詫び申し上げます。
また、駅からの距離に関するご意見も了解しております。距離が我慢できれば良いホテルとのお言葉、大変励みになります。今後もお客様のご期待に応えられるよう、サービス向上に努めて参ります。
何かご質問やご希望がございましたら、お気軽にお知らせください。またの機会にお会いできることを心よりお待ち申し上げております。",この度はご利用いただきありがとうございます。コストパフォーマンスやお部屋についてご満足いただけて嬉しく思います。フロントの対応に関しては、皆様に快適にお過ごしいただけるよう、サービスの向上に努めてまいります。また、立地に関してご不便をおかけしましたが、心地よく滞在していただけるよう引き続き努力して参ります。次回のご利用を心よりお待ちしております。,"ご利用いただきありがとうございます。
 

 コストパフォーマンスにご満足いただけたこと、大変嬉しく思います。お部屋や設備に関して良い評価をいただき、感謝申し上げます。
 

 フロントの対応については、ご期待に沿えず申し訳ございません。スタッフ一同、サービス向上に努めてまいりますので、貴重なご意見をいただけたことに感謝いたします。
 

 駅からの距離についても、次回ご利用の際に少しでも快適にお過ごしいただけるよう改善に努めます。再度のご来店を心よりお待ちしております。"
183367109,オリエンタルホテル 京都六条,オリエンタルホテル 京都六条,,シンプルで綺麗、モダンな造りのホテル夕食は外で朝食有り大浴場は無しウェルカムドリンク飲み放題ウェルカムドリンク部屋持ち込みOK喫煙所一階に有り電源付のカウンターで寛げる月曜日だったが団体客は無し客層は若い人が多い,ja,4,POSITIVE,2024-12-06 17:56:06,"   この度はオリエンタルホテル京都六条をご利用いただき誠にありがとうございます。
また、ホテルに関する様々な情報をお知らせいただき重ねて御礼申し上げます。
お写真を拝見する限りご滞在の際は晴天のようでしたが、京都観光はご存分にお楽しみになりましたでしょうか。皆様方のご旅行の一助となれましたなら大変光栄です。
またのお越しを心よりお待ちしております。","この度はご宿泊いただき、また詳細なフィードバックをありがとうございます。ホテルのデザインや環境を楽しんでいただけたようで嬉しく思います。ウェルカムドリンクやお部屋の設備についてもご満足いただけたとのこと、大変光栄です。
 

 今後も快適にご利用いただけるよう、サービスの向上に努めてまいります。またのご利用を心よりお待ちしております。","ご利用いただき、ありがとうございます。 
 

 シンプルでモダンなホテルの造りを気に入っていただけたようで嬉しいです。ウェルカムドリンクや喫煙所などの施設もお楽しみいただけたとのこと、何よりです。 
 

 今後もお客様にご満足いただけるよう、さらなるサービス向上に努めてまいります。次回のご利用をお待ちしております。"
183367115,オリエンタルホテル 京都六条,オリエンタルホテル 京都六条,,娘が私と78歳の主人を連れて京都旅行を計画してくれました。紅葉には少し早かったんですが、ホテルのスタッフがとても親切で、お部屋も快適でした。,ja,5,POSITIVE,2024-12-06 17:56:08,"この度はオリエンタルホテル京都六条にご宿泊いただき誠にありがとうございます。
また、スタッフへのお褒めのお言葉も頂戴し重ねて御礼申し上げます。

お嬢様が計画された家族旅行とのこと、素敵な思い出がたくさんできたかと存じます。皆様方の楽しいご旅行のお手伝いができましたことは私どもにとっても大変嬉しい限りでございます。
これからまた寒い時期となりますがどうぞご自愛くださいませ。またお目にかかれます日を、スタッフ一同心よりお待ちしております。",この度はご家族でのご旅行にお選びいただき、心より感謝申し上げます。スタッフの対応やお部屋にご満足いただけたとのこと、大変嬉しく思います。京都の美しい紅葉をご覧いただく機会がまた訪れることを願っております。またのご来館をお待ちしております。素敵なご旅行のお手伝いができて光栄です。,"ご来店いただき、また温かい口コミをありがとうございます。
 

 京都旅行を楽しんでいただけたとのことで、私たちも嬉しく思います。スタッフの対応やお部屋についてのお褒めの言葉、大変励みになります。
 

 次回のご訪問の際には、素敵な紅葉の時期にお迎えできることを心より楽しみにしています。またのご来店をお待ちしております。"
183367121,オリエンタルホテル 京都六条,オリエンタルホテル 京都六条,,駅からは気持ち遠いですが近隣駐車場は駐車後24時間料金で有難い、お洒落なエントランスが高揚感を高めてくれるが照明が暗すぎる！部屋は快適ですが窓からの景観は望めません、またベッドには細かい毛が落ちており浴室にも水溜りがあったりと気持ち悪かったです。朝食は大皿料理で味はソコソコですが白飯が美味かったフロントもクール過ぎて違和感を感じたのでリピはしません。,ja,3,MIXED,2024-12-06 17:56:10,"この度は貴重なフィードバックをいただき、誠にありがとうございます。ご滞在中の不便や不快な点について、心よりお詫び申し上げます。

まず、駅からの距離が遠く、エントランスの雰囲気が高揚感を与えながらも照明が暗すぎるとのご指摘、誠に申し訳ございません。お客様が快適にお過ごしいただけるよう、照明の明るさの改善を検討させていただきます。

また、お部屋からの景観が望めないこと、そして何よりもベッドに細かい毛が見られ、浴室に水溜りがあったことについて、これは当ホテルの基準を満たしていない状況であり、すぐに清潔な状態に戻すよう対応いたします。お客様にご不快な思いをさせてしまい、誠に申し訳ありません。

そんな中、朝食に関して白飯が美味しかったとのお言葉、ありがとうございます。今後も食事に関しての向上を図ってまいります。

最後に、フロントのサービスについてのお客様が感じられた違和感について、お客様に安心感と快適さを提供できるよう、スタッフトレーニングを徹底してまいります。

再度、貴重なご意見に感謝申し上げます。今後もお客様により良いサービスを提供できるよう、努力してまいります。この度はご宿泊いただきありがとうございました。","この度は貴重なご意見をいただき、ありがとうございます。ご滞在中に不快な思いをさせてしまい申し訳ございませんでした。照明や清掃面、フロントの対応について、改善に努めて参ります。
 

 また、お食事の美味しさを評価していただき感謝いたします。これからもお客様により良いサービスを提供できるよう努力してまいります。また機会がありましたら、ぜひお立ち寄りください。","この度はご利用いただき、誠にありがとうございます。
 

 駅からのアクセスや駐車場についてはご評価いただき感謝申し上げますが、照明や客室の清掃状態についてご不快な思いをさせてしまったこと、大変申し訳なく思っております。お客様の貴重なご意見はしっかりと受け止め、今後の改善に努めて参ります。
 

 朝食についてもお褒めの言葉をありがとうございます。ただ、フロントのサービスがご期待にお応えできなかったことを残念に思っております。心地よい滞在を提供できるよう、スタッフ教育を徹底して参ります。
 

 再度のご利用をいただけるよう、努力してまいりますので、何卒よろしくお願い申し上げます。"
183367128,オリエンタルホテル 京都六条,オリエンタルホテル 京都六条,,46日間オリエンタル六条ホテルに滞在して、最初は交通と近くの店など気になってるけど実はとても便利。バスがオススメ。河原町中心部へ行くなら五条通りパン屋の向こうの80番が良い。東山エリア経由で高島屋とエディオンのすぐそばに降りられる。,ja,5,POSITIVE,2024-12-06 17:56:11,"この度はオリエンタルホテル京都六条にご宿泊いただきまして誠にありがとうございました。長期間のご滞在に当ホテルをお選びいただき大変光栄でございます。ご滞在中はごゆっくりとお寛ぎいただけましたでしょうか。
当ホテルは地下鉄五条駅から徒歩約10分弱の閑静な住宅街に位置しております故お客様にはご足労をお掛けしております。繁華街へのアクセスにはバスをはじめとした交通機関をご利用頂くことをご提案しております。
またご利用をスタッフ一同心よりお待ちしております。

オリエンタルホテル京都六条 フロントスタッフ",この度は長期間にわたりご滞在いただき、誠にありがとうございます。周辺の交通アクセスや便利なルートにご満足いただけたようで嬉しく思います。貴重な情報を共有していただき、他のお客様にも大変参考になります。またご利用いただける日を心よりお待ちしております。ありがとうございます。,"ご滞在ありがとうございました。46日間という長い間、当ホテルをお選びいただき、大変嬉しく思います。
 

 便利な交通手段や周辺の情報を見つけていただけたことを嬉しく思います。バスの利用は特におすすめで、河原町や高島屋へのアクセスが簡単ですので、ぜひ次回もご活用ください。
 

 またのご利用を心よりお待ちしております。"
183367129,オリエンタルホテル 京都六条,オリエンタルホテル 京都六条,,最上階のコーナースイートルームに２泊いたしました。地下鉄烏丸線五条駅の5⃣から出てホテルまで歩きました。すぐそこではないものの、5⃣から出ると左側に京都タワーが見えるので、どの方向に歩けばいいのかわかります。一度大通りに出て、途中から細い六条通りに入ったのですが、暗くなると人通りが全くなく怖かったです。角を曲がりホテルの提灯の明かりが見えた時にはホッとしました。ホテルのドアまでのアプローチもロビーも 和の雰囲気がふんだんに取り込まれていてとても素敵です。フロントは左の奥にあるので、エントランスからロビーまで視線が抜けるようになっており、フロントも石積みで重厚感のあるつくりとなっていました。ロビーからはガラス越しに立派な枯山水が見えるようになっていて、カウンターチェアも設置されているので、夜も昼もお庭鑑賞ができました。お部屋は最高、この一言に尽きます。ベッドもＷサイズが2台、クッションたっぷりのソファ、洗面台も２つ。外には出られませんがお庭もありました。翌日は６時から近くのお西さん（西本願寺）の朝のお勤めに参加し、ホテルに戻って朝食を食べ、眠くなったらお昼寝（二度寝？）をして・・とホテルライフを満喫しました。朝食は白味噌のお味噌汁やおばんざい、和のスイーツで満足できました。外国人観光客の方がヨーグルトとコーヒーだけを食べているのを見て、おかわりまでした自分が少し恥ずかしくなりました。駅から距離はありますが、ひとつ通りに出ればバス停もあるので京都駅や四条大宮方面へも移動は困らないと思います。,ja,5,POSITIVE,2024-12-06 17:56:12,"この度はご宿泊並びに口コミ投稿をいただき、誠にありがとうございます。当ホテルに関してお褒めのお言葉も頂戴し、重ねて御礼申し上げます。いただいた内容に関してはぜひレストランスタッフに共有させていただきます。

当館は繁華街から離れた閑静な住宅街に位置しており、喧騒から離れた場所でのんびりと落ち着いたご宿泊をご提供できればと考えております。

今回のご滞在におかれましてはごゆっくりお寛ぎ頂けた様で嬉しく思います。これからもよりご満足いただけるホテルを目指しサービスの向上を図って参る所存でございます。引き続きご愛顧賜りますようお願い申し上げます。またのご来館を従業員一同心よりお待ち申し上げております。","この度はご宿泊いただき、誠にありがとうございます。コーナースイートルームやホテル内の雰囲気を満喫いただけたようで、大変嬉しく思います。京都らしい和の雰囲気を楽しんでいただけたこと、また朝のお勤めや朝食もご堪能いただけたことが何よりです。
 

 ご意見いただいたアクセス面についても、今後の参考にさせていただきます。次回も是非、ゆったりとしたホテルライフをお楽しみいただければ幸いです。またのご来館を心よりお待ちしております。","この度は最上階のコーナースイートルームにご宿泊いただき、誠にありがとうございます。
 

 ホテルの雰囲気やお部屋でのご滞在を楽しんでいただけたようでとても嬉しく思います。特に和の趣を感じられたとのお言葉は、スタッフ一同励みになります。
 

 また、周辺の道のりについての貴重なご意見もありがとうございます。安全に快適にお越しいただけるよう、引き続き改善に努めてまいります。
 

 朝食にもご満足いただけたようで幸いです。お客様にとっての素敵なホテルライフの一部となれたことを嬉しく思います。
 

 次回のご訪問を心よりお待ちしております。"
183367139,オリエンタルホテル 京都六条,オリエンタルホテル 京都六条,,部屋が広くて綺麗でした。ウェルカムドリンクのりんごジュースがおいしかったです。レンタルサイクル楽しかったです。朝食のお米がつやつやでした！,ja,5,POSITIVE,2024-12-06 17:56:14,この度はご宿泊並びに口コミ投稿をいただき、誠にありがとうございます。当ホテルに関してお褒めのお言葉も頂戴し、重ねて御礼申し上げます。お食事のお褒めの言葉に関しましては、当館のレストランスタッフに是非共有させて頂きます。また、これからもよりご満足いただけるホテルを目指しサービスの向上を図って参る所存でございます。引き続きご愛顧賜りますようお願い申し上げます。またのご来館を従業員一同心よりお待ちしております。,この度はご宿泊いただき、誠にありがとうございます。お部屋やウェルカムドリンク、レンタルサイクル、そして朝食のお米までご満足いただけたようで、私たちも非常に嬉しく思います。ご利用いただいたお客様に快適かつ楽しい時間を提供できるよう、今後も努めてまいります。またのお越しを心よりお待ちしております。,"ご利用いただき、ありがとうございます。お部屋やウェルカムドリンクを気に入っていただけたようで嬉しく思います。
 

 レンタルサイクルも楽しんでいただけたとのこと、アクティブなご滞在ができたようですね。
 

 朝食のお米もご満足いただけたようで、私たちも大変励みになります。  
 またのご来店を心よりお待ちしております。"
183367142,オリエンタルホテル 京都六条,オリエンタルホテル 京都六条,,2025年１月末。一年三ヶ月ぶりの利用です。この度は直前予約で特に部屋の希望も伝えておらず。チェックイン後にこちらの都合で部屋を換えて頂く事になりました。快くご対応頂きまして感謝しております。2023年10月下旬の金曜日から一泊で利用させて頂きました。西本願寺の東側、一筋入った小径沿いにしっとりと佇んだ落ち着いた雰囲気。道からは数段階段を降りてロビーへ。手前にはウェルカムサービスのソフトドリンクを設えたオープンなラウンジ。お出汁が良い香り？してます。エスプレッソが頂ける珈琲マシン。良い感じのパティオが望めます。ロビーから客室へはカードキーのセキュリティドアを通ります。インバウンドのお客さんは戸惑ってる方も。自動ドアを無理から手で引き開けようとする方も。お部屋は最上階の５階。窓から景観を望むことはできませんが、大通りから一筋入っているお陰で静か。部屋の調度はシンプル。ワードローブも抽斗もありません。その分機能的？で、狭い部屋を広く使えるってメリットはあるかな。備品は歯ブラシ、スポンジ、シャンプー、リンス、ボディソープ。カミソリやヘアブラシは備え置きされてませんのでロビーで。総合的にはシンプルで清潔感漂よう。コスパは高い。一泊旅行なら荷物も少なくて何とか過ごしやすいだろうが、長期滞在には荷物の整理に困りそう。四季ごとに京都を訪ねて、食べ物屋で季節の料理と地元の日本酒を頂くのが唯一の楽しみ。こちらのホテルは、ご贔屓の行きつけのお店にも近くて再訪は有りですね。メンバー登録は無料。若干のお得なサービスもあるそうです。,ja,4,POSITIVE,2025-02-03 18:28:05,"この度は、当ホテルをお選びいただき、誠にありがとうございました。ご滞在を快適にお過ごしいただけたようで、スタッフ一同大変嬉しく存じます。また、お部屋のご変更につきましても、私どもの対応に温かいお言葉をいただき、心より感謝申し上げます。

当ホテルの立地や雰囲気、館内の設備・サービスについてもご評価いただき、ありがとうございます。ウェルカムサービスや、機能的で清潔感のある客室、明るい照明の快適さなど、お客様の視点からのご感想を大変ありがたく拝読いたしました。特に、お部屋の明るさにご満足いただけたことは、当ホテルとしても嬉しい限りです。
長期滞在時の収納に関するご意見も、今後のサービス向上の参考とさせていただきます。メンバー登録の特典についても、今後さらにご満足いただけるようなサービスを充実させてまいりますので、ぜひ次回もご活用くださいませ。
四季折々の京都の魅力を存分にお楽しみいただけるよう、スタッフ一同心を込めてお迎えいたします。またのご来館を心よりお待ち申し上げております。

オリエンタルホテル京都 六条","ご利用いただき、そして詳細なご感想をありがとうございます。お部屋の変更にもご満足いただけたようで安心いたしました。
 

 当ホテルの落ち着いた雰囲気やセキュリティ、ウェルカムサービスについてもお気に召していただき光栄です。お部屋のデザインや備品に関するご意見も参考にさせていただき、今後の改善に努めてまいります。
 

 お近くのご贔屓のお店にも便利にご利用いただけるとのことで、ぜひまたのご来訪をお待ちしております。メンバー登録もぜひご活用ください。次回も素晴らしい旅となりますよう、スタッフ一同お手伝いさせていただきます。","この度はご利用いただき、誠にありがとうございます。
 

 チェックイン時に快くお部屋の変更に応じられたことをお褒めいただき、大変嬉しく思います。当ホテルの落ち着いた雰囲気やウェルカムサービスにもご満足いただけたようで、何よりです。
 

 また、機能的な部屋の使い方についてのご感想もありがとうございます。ご指摘の通り、長期滞在の場合は荷物に関して工夫が必要かもしれませんが、快適にお過ごしいただけるよう努めてまいります。
 

 再訪のご意向をお持ちいただき、感謝しております。季節ごとの京都の魅力をぜひお楽しみください。今後ともどうぞよろしくお願いいたします。"
183367148,オリエンタルホテル 京都六条,オリエンタルホテル 京都六条,,朝食付きで1泊しました！お部屋は靴を脱いで入る小上がりタイプ。普段ビジネスホテルを多様するのですが、他と比べると水周りもすごく綺麗で浴室も少し広めな印象です！清潔感があります！！1階にはウェルカムドリンクサービスがあり、ホットコーヒーからりんごジュースなどのお飲み物まであり種類豊富！！お菓子もありました！立地としては駅から少しだけ歩きますので、歩くのが苦手な人はタクシーやバスをおすすめします。,ja,5,POSITIVE,2024-12-06 17:56:15,"この度はオリエンタルホテル京都六条へご宿泊賜りありがとうございます。
また、ご感想をお寄せいただきました事重ねて御礼申し上げます。
ご滞在中のウェルカムドリンクやお菓子などお楽しみいただけたようで大変嬉しく存じます。
これからもよりご満足いただけるホテルを目指しサービスの向上を図って参る所存でございます。引き続きご愛顧賜りますようお願い申し上げます。
またのご来館を従業員一同心よりお待ち申し上げております。
オリエンタルホテル京都六条",このたびはご宿泊いただき、誠にありがとうございます。お部屋や水まわりの清潔感、そしてウェルカムドリンクサービスをお楽しみいただけたようで嬉しく思います。立地についての貴重なご意見も感謝いたします。ぜひまたのお越しを心よりお待ちしております。,"ご宿泊いただきありがとうございます。
 

 お部屋や水周りについてのお褒めの言葉、また清潔感を感じていただけたことに大変嬉しく思います。
 

 ウェルカムドリンクサービスを楽しんでいただけたようで何よりです。豊富な種類のお飲み物やお菓子は、リラックスタイムにぴったりですよね。
 

 立地についてのご指摘もありがとうございます。アクセスの面で少し不便を感じられる方には、タクシーやバスの利用をお勧めしております。
 

 またのご利用を心よりお待ちしております。"
183367160,オリエンタルホテル 京都六条,オリエンタルホテル 京都六条,,こんにちは、台湾人です😊ホテルのサービスも雰囲気も最高です！ロビーのサービスは充実していますが、部屋のスペースが狭いのが唯一残念です。哈嘍我是台灣人😊飯店服務跟氛圍很棒！大廳服務較多，唯一比較可惜房間空間較小。,ja,5,MIXED,2024-12-06 17:56:18,"お客様からの素晴らしい評価と肯定的なフィードバック、ありがとうございます！ホテルのサービスと雰囲気にご満足いただけたことを嬉しく思います。

ロビーサービスの充実についてお話いただき、その点が好意的に受け入れられていることをうれしく思います。ただし、お部屋のスペースについては、もう少し広いスペースが望ましいとのご意見をいただいていることを理解しています。お客様の快適さが最優先事項であることを理解し、今後も改善のための検討を行っていきます。

またの機会に、より快適な滞在を提供できるよう、お客様の要望や提案に真摯に対応いたします。お選びいただき、ありがとうございました。","こんにちは。遠方からお越しいただきありがとうございます！サービスや雰囲気を楽しんでいただけて嬉しいです。
 

 お部屋のスペースについてのご意見、今後の改善に役立てさせていただきます。貴重なご意見をありがとうございます。
 

 またのご利用を心よりお待ちしております。","こんにちは！ご利用いただき、ありがとうございます。
 

 ホテルのサービスや雰囲気に満足していただけたとのこと、大変嬉しく思います。ロビーのサービスに関してもお褒めいただき、感謝いたします。
 

 お部屋のスペースに関しては貴重なご意見、ありがとうございます。今後の改善に活かして参りますので、またぜひお越しください。
 

 心よりお待ちしております！"
183367169,オリエンタルホテル 京都六条,オリエンタルホテル 京都六条,,外国人が多いです。無料の飲み物とツマミは嬉しいですね。安くてきれいなビジネスホテルかな。フロントマンは受付したあとは、前を通っても知らん顔ですが、気にせず通過できるので良いかも!,ja,4,POSITIVE,2024-12-06 17:56:20,"この度は口コミの投稿をいただき誠にありがとうございます。
また、当館のウェルカムドリンク等に関してもお気に召していただけたようで何よりでございます。
しかしながら受付後、お客様が前を通ってもスタッフがご挨拶をしなかったとのこと、誠に申し訳ございません。再度教育を徹底してまいります。
また京都にお越しの際には当ホテルをご利用いただけますと幸いです。","ご宿泊いただき、ありがとうございます。当ホテルの雰囲気やサービスを楽しんでいただけたようで嬉しいです。無料の飲み物とツマミもご満足いただけたようで何よりです。フロントスタッフの対応については、お客様が気を使わずにお過ごしいただけるよう心掛けておりますが、貴重なご意見として大切に受け止めます。
 

 今後とも快適にお過ごしいただけるサービスを提供できるよう努めてまいりますので、またお越しの際はぜひ当ホテルをご利用くださいませ。お待ちしております。","ご利用いただきありがとうございます。  
 

 外国のお客様が多い中、快適にお過ごしいただけたとのこと、大変嬉しく思います。無料の飲み物やツマミも気に入っていただけたようで、何よりです。  
 

 フロントのスタッフに関しまして、貴重なご意見をありがとうございます。より良いサービス向上に努めてまいりますので、今後ともご愛顧いただけますと幸いです。またのご利用をお待ちしております。"
183367172,オリエンタルホテル 京都六条,オリエンタルホテル 京都六条,,朝食付きで2泊、お部屋おまかせプランで宿泊しました。アメニティが最小限のものしかなくスキンケアは持参する必要があります。寝巻きはワンピースタイプです。〜立地〜立地は西本願寺から歩いて約3〜5分ほど、地下鉄の五条駅からは約10分ほどの場所にあり地下鉄から歩いて行くよりバスで行った方が便利かもしれません。周囲は住宅街で飲食店はあまり見当たらず、コンビニやスーパーは歩いて5分ほど離れた場所にあります。エントランスは段差で2〜3段ほど下りになっておりましたがスロープ等が見当たらずベビーカーや車椅子の方は注意が必要です。〜ロビー〜ロビーの雰囲気は照明が落ち着いていてウェルカムドリンクを飲みながら中庭を望めるようになっています。ウェルカムドリンクにはソフトドリンクの他、お出汁やナッツ等のお菓子が頂けるようになっています。ドリンクは部屋に持ち込むことが可能です。〜部屋〜用意された部屋は和室タイプのハリウッドツインの部屋でほとんど裸足で過ごせる部屋でした。普段から家では裸足で過ごしているので自宅と同じように過ごせるのは助かりました。ですが冷蔵庫と金庫の位置が靴を履かないといけない場所にあること、和室のハリウッドツインにテーブルがないことが不便でした。※テーブルは数に限りはありますが貸し出しがあるとのこと。また、私が宿泊した部屋は通りに面した明るい照明が目の前の部屋でした。（公式HPの一番最初に出てくる画像の2Fの部分です）寝るために遮光のロールカーテンを降ろし室内の電気を消したところロールカーテンの横の隙間から外の照明の光が漏れてくるという状態になっていました。設計ミス…？〜浴室〜浴室の換気扇（たぶん）から変な臭いがしました。居室の方ではないので部屋の変更はしませんでしたが気になる方は部屋の変更を申し出るか近くの銭湯を利用した方がいいかもしれません。〜朝食〜朝食は会場が広くはなく団体と被るとロビーの方で食べることになります。大人向けの和食メニューが中心で子供が喜ぶようなメニューは少ないです。2泊して両方朝食をいただきましたがメニュー内容も3種類位しか変わらず長期滞在の方は飽きてしまうかも。湯豆腐と白味噌のお味噌汁は美味しかったです。第一印象はお洒落で落ち着いた雰囲気のホテルですがもう一度泊まりたいかと言われると他のホテルを考えてしまうかも。,ja,3,POSITIVE,2024-12-06 17:56:21,"この度はお忙しい中、レビューをご投稿いただき誠にありがとうございます。
また、施設内設備や周辺のお店に関しても他のお客様への情報をご提供いただきありがとうございました。
口コミの中でご指摘いただきました浴室の臭いに関しては確認し、その後改めて念入りな清掃を実施しております。お客様にご指摘いただく以前にこちら側で気づけなかった旨、大変申し訳ございませんでした。清掃スタッフにも情報を共有し、今後は一層念入りに確認するようにいたします。
朝食メニューに関しても、スタッフ間でメニューを協議し、皆様にご満足いただけますよう改善に努めてまいります。
この度はご宿泊誠にありがとうございました。","この度はご宿泊いただき、また貴重なご意見をお寄せいただきありがとうございます。
 

 アメニティや部屋の設備について、お客様のご期待に添えなかったことお詫び申し上げます。いただいたご指摘は、今後のサービス改善の参考にさせていただきます。また、アクセスやロビーの雰囲気についての詳細な情報は、他のお客様にも役立つ内容で感謝いたします。
 

 朝食や浴室の件、また部屋の明るさに関してもご不便をおかけし申し訳ございません。これらの問題についても改善に向けて取り組んでまいります。
 

 貴重なご意見をいただき感謝しております。またのご機会がございましたら、ぜひお越しくださいませ。スタッフ一同、改善に努めてまいります。","この度はご宿泊いただき、誠にありがとうございます。
 

 お部屋や施設についての詳細なご意見、また立地やアメニティに関するご指摘をいただき、感謝申し上げます。ご滞在中に不便を感じられた点や、照明や換気に関する問題については、今後の改善に向けてしっかりと検討させていただきます。
 

 また、朝食メニューにつきましても、貴重なご意見をありがとうございます。お客様にご満足いただける内容に向けて、改善を考えてまいります。
 

 お洒落で落ち着いた雰囲気と感じていただけたことは嬉しい限りですが、次回のご宿泊を考える際に他の選択肢も検討されるとのこと、ぜひ当ホテルにもまたお越しいただける日をお待ちしております。
 

 貴重なご意見をいただき、心より感謝申し上げます。"
183367179,オリエンタルホテル 京都六条,オリエンタルホテル 京都六条,,静かな立地でした。部屋も新しくきれいてでした。朝食は、年齢からすると十分ですが、若い人は、食べるものがないかも。,ja,4,POSITIVE,2024-12-06 17:56:22,"この度はオリエンタルホテル京都六条をご利用いただき、またお忙しい中口コミを投稿していただき、誠にありがとうございます。当館の立地や客室に対しお褒めのお言葉をいただき、光栄に存じます。

朝食についてのご意見も大変有難く、年齢層によって異なるお好みがある旨のご指摘、誠にありがとうございます。今後、皆様により多くの選択肢を提供できるように検討・改善を重ねてまいります。

お客様の次回のご滞在をスタッフ一同心よりお待ちしております。
この度は誠にありがとうございました。","ご来訪いただき、ありがとうございます。お部屋の環境や立地にご満足いただけたようで嬉しく思います。  
 朝食に関しましては、幅広い年齢層のお客様にご満足いただけるよう、メニューの改善を検討いたします。  
 またのご利用を心よりお待ちしております。","ご利用いただき、ありがとうございます。静かな立地やお部屋の清潔さをお褒めいただき、大変嬉しく思います。
 

 朝食についてのご意見もありがとうございます。今後、もっと多様なメニューの提供を検討し、幅広いお客様にご満足いただけるよう努めてまいります。
 

 またのご来店をお待ちしております。"
183367187,オリエンタルホテル 京都六条,オリエンタルホテル 京都六条,,15時チェックイン予約して清掃中で1時間近く待たされた,ja,2,NEUTRAL,2024-12-06 17:56:24,"お客様の貴重なコメントをいただき、誠に申し訳ございませんでした。15時のチェックイン予約をしていただいたにもかかわらず、清掃中でのお待たせが発生し、ご不便をおかけしましたこと、深くお詫び申し上げます。

お客様の時間を尊重し、円滑な滞在を提供することが私たちの責任です。清掃中の遅延が生じたことについては、弊社のスタッフによる調整と改善策の導入を検討いたします。このような問題が再び発生しないよう、私たちは努力し続けます。

再度、お客様にご不便をおかけしたことを深くお詫び申し上げ、今後はよりスムーズなサービスを提供できるよう心がけてまいります。お客様のご意見を真摯に受け止め、サービスの向上に努力いたします。どうぞまたのご機会にお越しいただければ幸いです。","この度はご不便をおかけし、大変申し訳ございませんでした。予約時間にお部屋をご用意できず、お待たせしてしまい、心よりお詫び申し上げます。
 

 今後はこのようなことがないよう、スタッフ一同サービス向上に努めて参ります。貴重なご意見をありがとうございました。ぜひ次回のご利用をお待ちしております。","ご利用いただきありがとうございます。
 

 この度はチェックイン時にお待たせしてしまい、大変申し訳ございませんでした。清掃が予定通り進まなかったことにより、ご不便をおかけいたしましたことをお詫びいたします。
 

 今後はこのようなことがないよう、運営の見直しを図り、サービスの向上に努めてまいります。貴重なご意見をいただき感謝いたします。 
 

 またのご利用を心よりお待ちしております。"
183367188,オリエンタルホテル 京都六条,オリエンタルホテル 京都六条,,係員に部屋を聞いて10分掛かってしまてなにもわからないようですが、名前を聞いても回答したくないんです。気持ち大変悪いです👎,ja,1,NEGATIVE,2024-12-06 17:56:24,"Thank you very much for taking the time to post this review.
We sincerely apologize for any inconvenience caused by our staff's guidance and response.
We will make every effort to improve the lack of information and recognition through further training and discussions among our staff. 
Thank you very much for staying with us.","この度はご不快な思いをさせてしまい、誠に申し訳ございません。
 

 スタッフの対応について、ご不便をおかけした点につきまして心よりお詫び申し上げます。いただきましたご意見を真摯に受け止め、今後のサービス向上に努めて参ります。
 

 貴重なお時間をご利用いただき、ありがとうございました。","この度はご不快な思いをさせてしまい、誠に申し訳ございませんでした。
 

 スタッフの対応についてご指摘いただき、感謝いたします。お客様にとって快適なサービスを提供することが私たちの目標ですので、改善に努めてまいります。
 

 次回のご利用の際には、より良い体験を提供できるよう努力いたします。貴重なご意見をいただき、ありがとうございました。"
183367211,オリエンタルホテル 京都六条,オリエンタルホテル 京都六条,,旅行できたけどめっちゃ良かった。まずめっちゃ綺麗！デザインもいい!部屋は和室でめっちゃゆっくりできた！しかもテレビでYouTube見れたから夜中ずっと見てたwそれにご飯めっちゃ美味しかった！もうここに住みたいぐらい快適でいいところ!,ja,5,POSITIVE,2024-12-06 17:56:28,"この度は当ホテルでのご滞在を楽しんでいただき、口コミを投稿していただきありがとうございます。お部屋の綺麗さやデザイン、和室でのゆったりとした時間をお楽しみいただけたようで、大変嬉しく思います。今後もお客様が快適に過ごせるようなサービスと施設の向上に努めてまいります。

またの機会にぜひ当ホテルをご利用いただければ幸いです。お客様のお越しを心よりお待ちしております。",この度は私たちの施設をご利用いただき、素敵なコメントをありがとうございます。 お部屋やデザイン、ご飯を含め、全体的にご満足いただけたようで大変嬉しく思います。特に和室でのリラックスや、テレビ設備についてご堪能いただけたとのこと、私たちもそのお言葉に力をいただきます。またいつでもお越しいただけることを心よりお待ちしておりますので、ぜひ次回も快適な時間をお過ごしください。,"この度はご宿泊いただき、誠にありがとうございます。
 

 お褒めの言葉をいただき、大変光栄です！  
 お部屋の和室でリラックスできたとのこと、嬉しく思います。  
 また、テレビでYouTubeを楽しんでいただけたのも良かったですね。
 

 美味しいお食事にもご満足いただけたようで、スタッフ一同喜んでおります。
 

 快適なひとときを提供できるよう、今後も努めて参りますので、またのご来訪を心よりお待ちしております。"
183367214,オリエンタルホテル 京都六条,オリエンタルホテル 京都六条,,ホテルが新しいのかテレビも大きく何がいいかとお風呂🛀の段差がなく主人はいままで一番良い段差も浴槽の広さ、またベッドの固さ・・等主人が珍しく褒めていました。ちょっとだけ夕食を食べたかったけど車で行かなければならないことでした、でもとても良かったです,ja,3,POSITIVE,2024-12-06 17:56:29,"この度はご宿泊いただき、評価をいただきましてありがとうございます。
お客様にとって心地よい滞在を提供することが私たちの目標ですので、今後も素敵なお部屋とサービスを提供できるよう努めてまいります。
またの機会にぜひお越しください。お客様のまたのご利用を心よりお待ちしております。
ありがとうございました。","この度はご宿泊いただき、誠にありがとうございます。ご主人様にもお風呂やベッドについてご満足いただけたとのこと、大変嬉しく思います。
 

 夕食に関してはご不便をおかけし申し訳ございません。より快適にお過ごしいただけるよう、今後の参考にさせていただきます。
 

 またのご利用を心よりお待ちしております。","この度はご宿泊いただき、ありがとうございます。
 

 新しいホテルの設備やお風呂、ベッドについてお褒めいただき、嬉しく思います。特にご主人が気に入ってくださったとのことで、スタッフ一同喜んでおります。
 

 夕食についてご不便をおかけしたとのこと、申し訳ありませんでした。次回はぜひ、ゆっくりとお食事も楽しんでいただければと思います。
 

 今後とも、お客様にご満足いただけるよう努力してまいりますので、またのご来館をお待ちしております。"
183367216,オリエンタルホテル 京都六条,オリエンタルホテル 京都六条,,客室、館内は新しさが感じられ、清潔感がありますが、サービスは省力化されている印象でした。ビジネスホテルと思えば納得できます。客室テレビの朝食の案内通り、南禅寺豆腐と白みそのお味噌汁を頂きましたがとても美味しかったです。洋食は選びませんでしたが、傍目に和食と洋食のサービス（品数少ない、サラダが無い等）のバランスが偏っている印象を受けました。団体客と朝食が重なると、それほど食事会場は広くないので動きづらいです。全体的としては気持ちよく宿泊できました。,ja,3,MIXED,2024-12-06 17:56:30,"この度はオリエンタルホテル京都六条にご宿泊賜り、誠にありがとうございます。サービスが省力化されているとの印象を受けさせてしまったことについて、深くお詫び申し上げます。お客様には心地よいサービスを提供することが私たちの使命であり、サービス面でのご満足を常に追求してまいります。

また、朝食の品数の偏りや食事会場の狭さに関してもご指摘いただき、誠にありがとうございます。お客様にはバランスの取れた美味しい朝食をご提供することが重要であり、今回のご意見を真摯に受け止めて改善に努めてまいります。

お客様の貴重なご意見に基づき、サービスの向上とより良い朝食の提供に努めてまいります。お客様にご満足いただけるよう、スタッフ一同努力してまいりますので、ぜひまたの機会にご利用いただければ幸いです。お客様のまたのお越しを心よりお待ちしております。
オリエンタルホテル京都六条","この度はご宿泊いただき、また貴重なご意見をお寄せいただきありがとうございます。客室や館内の清潔感を評価していただき、大変嬉しく思います。サービス面については、省力化の印象を与えてしまい申し訳ございません。今後の改善に役立ててまいります。
 

 朝食に関しても、和食をお楽しみいただけたことは嬉しい限りですが、バランスの偏りについてのご指摘をいただき、ありがとうございます。皆さまにご満足いただけるよう、今後のメニュー改善の参考にさせていただきます。
 

 またのご利用を心よりお待ちしております。何かご要望がございましたら、ぜひお聞かせください。","この度はご宿泊いただき、誠にありがとうございます。
 

 客室や館内の清潔感についてお褒めいただき、大変嬉しく思います。サービスの面でお客様に省力化の印象を与えてしまったこと、また朝食のバランスについての貴重なご意見をありがとうございます。ご指摘いただいた点につきましては、改善に向けて取り組んで参ります。
 

 朝食でお召し上がりいただいた南禅寺豆腐と白みそのお味噌汁が美味しかったとのこと、とても嬉しく思います。団体のお客様との混雑は、お客様にご不便をおかけしたかもしれませんね。
 

 全体として気持ちよくお過ごしいただけたとのことで安心しました。またのご利用を心よりお待ち申し上げております。"
183367240,オリエンタルホテル 京都六条,オリエンタルホテル 京都六条,,駅から中途半端に遠い。往復宅急便で荷物を送ったが、チェックイン前に部屋に運んでくれてなくて、自分で運べとのこと。また、チェックアウト時に往復だから出しておいてくれと頼んだが、男性のフロントマンは出し方を知らないらしく、どうやればいいんですか？みたいな不安気な顔してた。こんなことくらい最低限教育しておいてほしい。部屋も、何か溢れた後をちゃんと拭き取ってないせいか、ベタベタしてる部分もあるし、テーブルが無いのも不便。朝食は、外国人向けの物は、ソーセージとパンだけ。あれでは外国人は食べる物が無くて可哀想。色んな意味で、観光客をもてなすには、かなり努力不足でした。,ja,1,NEGATIVE,2024-12-06 17:56:34,"この度はお忙しい中口コミの投稿をいただき誠にありがとうございます。
ご指摘いただきましたお荷物に関しては宅急便・当日の荷物預かりに関わらず、基本的には皆さまご自身で1階フロントからお部屋までお運びいただきますようお願いしております。ご案内不足で申し訳ございません。
また、往復宅急便の取り扱いをスタッフが把握していなかった件に関しても重ねてお詫びを申し上げます。スタッフ間で共有し今後同様の事が発生しないよう努めて参ります。

お部屋の清掃においてもお客様のご意見を真摯に受け止め、清掃スタッフへの教育やトレーニングを強化し、より快適なご滞在を提供できるよう精進してまいります。
なお、テーブルに関してはお部屋に設置されていなくご不便を感じられるお客様のお声を反映し、フロントにてお貸出しを行っております。お声がけ・ご提案等の配慮が足りず申し訳ございませんでした。

朝食に関してもインバウンドのお客様のご期待に添えますよう、ご提供できる食事のバリエーションを拡充し、多様なニーズにお応えできるよう努力いたします。

お客様の貴重なご意見をいただき、改善に向けて努力いたします。
この度はご宿泊いただき誠にありがとうございました。","この度はご期待に沿えず大変申し訳ございません。貴重なご意見をいただきありがとうございます。ご指摘いただきました点については、スタッフへの教育を含め、サービスの改善に努めてまいります。
 

 特に宅急便の対応や客室の清掃、また朝食の内容に関しては、早急に見直しを行うようにいたします。今後、より安心してご利用いただけるよう、スタッフ一同努力してまいりますので、また機会がございましたらぜひお越しください。貴重なご意見に心より感謝申し上げます。","この度はご不便をおかけし、誠に申し訳ございませんでした。
 

 駅からの距離や荷物の扱いについて、さらに教育を徹底し改善に努める必要があります。また、部屋の清掃状況についてもより一層の確認を行い、快適にお過ごしいただける環境を整えてまいります。
 

 朝食メニューに関しても、お客様のご意見を踏まえ、バリエーションを増やすよう検討いたします。観光客の皆様に心地よく過ごしていただけるよう、努力して参りますので、今後ともご意見をお寄せいただけますと幸いです。 
 

 貴重なお時間をいただき、ありがとうございました。"
183367253,オリエンタルホテル 京都六条,オリエンタルホテル 京都六条,,小路にあって静かです,ja,3,POSITIVE,2024-12-06 17:56:36,"この度はご宿泊いただき、評価をいただきましてありがとうございます。
お客様にとって心地よい滞在を提供することが私たちの目標ですので、今後も素敵なお部屋とサービスを提供できるよう努めてまいります。
またの機会にぜひお越しください。お客様のまたのご利用を心よりお待ちしております。
ありがとうございました。",ご来店いただきありがとうございます。静かな環境を気に入っていただけたようで嬉しいです。もし他にもご感想やご意見がありましたら、ぜひお教えください。今後の参考にさせていただきます。またのお越しをお待ちしております。,ご来店いただきありがとうございます。静かな環境を気に入っていただけたとのことで、嬉しく思います。今後ともお客様にご満足いただけるよう努めてまいりますので、ぜひまたのお越しをお待ちしております。
183367257,オリエンタルホテル 京都六条,オリエンタルホテル 京都六条,,まさかの事故でご心配・ご迷惑を掛けました。まず部屋なのですが、隣の外国人？がバタバタとしていて煩かったです。置き時計が３０分ほど遅れていました・・・(笑)直しておきました（電池が減っていれば今も遅れているかも？）。朝の食事ですが、私はパンを食べたのですが、硬くてなんだかな～と。和食にすれば良かったな。バイクは安全に止められるので、お勧めですが。やっぱりGWシーズンなのでお値段が・・・・・。次回はバイクでリベンジしますので宜しくです。,ja,4,MIXED,2024-12-06 17:56:37,"お客様のご意見を真摯に受け止め、改善に努めてまいります。

隣のお部屋で騒音があり、また置き時計の遅れについてもお詫び申し上げます。お部屋の環境や設備の点検に改めて取り組み、お客様に快適な空間を提供できるよう努めてまいります。

朝食においても、パンの硬さにご不満を抱かれたことをお詫び申し上げます。今後はパン以外の和食メニューも充実させ、さまざまなお客様のニーズにお応えできるよう努めてまいります。

バイクの駐車に関しては安全に止められる環境を提供できたこと、また次回はバイクでのリベンジをお考えいただけること、大変嬉しく思います。

次回のご利用に向けて、お客様がより快適な滞在をお楽しみいただけるよう努めてまいります。またの機会にぜひお越しください。お客様の再訪を心よりお待ちしております。ありがとうございました。","この度はご迷惑をお掛けし申し訳ございませんでした。隣室の騒音や置き時計の件について、改善に努めてまいります。また、朝食のパンがご期待に添えず残念ですが、貴重なご意見をありがとうございます。和食もぜひお試しください。
 

 バイク用の駐車場を評価いただきありがとうございます。次回、お越しいただけることを心より楽しみにしております。安全なライドをお祈りします。","この度はご宿泊いただき、誠にありがとうございました。
 

 ご心配をおかけしたこと、また隣の方の音や置き時計の件についてご迷惑をおかけしましたことをお詫び申し上げます。ご指摘いただいた点については、今後の改善に努めて参ります。
 

 朝食のパンについてのご意見もありがとうございます。お客様がご満足いただけるよう、品質向上に努めてまいりますので、次回は和食もぜひお試しください。
 

 バイクを安全に駐車できるとのお言葉、嬉しく思います。次回のご来訪をお待ちしておりますので、どうぞ宜しくお願いいたします。"
183367259,オリエンタルホテル 京都六条,オリエンタルホテル 京都六条,,ホテルの外観や内装はおしゃれなのですが、他の方も書かれているように、宿泊者の事を全く考えていない室内デザインになっています（コンセントがさせない所にポットが置いてある。もともとコンセントの数が少ない。ハンガーの位置が悪い。テーブルが無い。小物を置くスペースが無い。照明漏れなど色々）。お風呂もユニットバスで、新しく建てられたホテルだとユニットバスでも出来るだけ広く使えるように工夫がされている事が多いのですが、特にそんな工夫も無く狭かったです。朝食は種類が少ないです。豆腐とみそ汁は美味しかったですが、おばんざいはメインの親子煮はそこそこの味でしたが、その他のおばんざいは業務用ぽい味で、漬物も安物な感じでした。デザートとして最中やパンケーキがありましたが、パンケーキも冷めていてあまり美味しく無かったです。全体的に単価の高い食材を避け、ホテル内で調理するメニューも出来るだけ避けている感じがしました。京都はホテル激戦区で、朝食が美味しいホテルが多いので、がっかりしました。種類が偏っているせいか、外国人観光客の中には、近くのコンビニで買ったとおぼしきパンを持ち込んで食べている人もいました。朝食会場は非常にお洒落な造りなのですが…。ホテルの裏にロイホがあるので、そこで朝食を食べた方が良いと思います。駅からも遠く、多少アクセスが悪くても行きたいと思う点も無く、再訪は無いかなと思います。,ja,2,MIXED,2024-12-06 17:56:38,"お客様からのご意見を真摯に受け止め、改善に努めてまいります。

お客様がおっしゃるように、室内デザインや設備においてご不便をおかけしたことをお詫び申し上げます。お客様の快適な滞在を提供するために、より使いやすく機能的な空間を提供できるように改善を検討いたします。また、ユニットバスの広さや朝食のメニューにおいても、ご期待に沿えなかったことをお詫び申し上げます。

お食事に関しても、より多様なメニューや品質の向上を図り、お客様に満足いただける朝食を提供できるよう努めてまいります。お客様のご意見を参考に、今後の改善に生かしてまいります。

また、アクセスやホテルの魅力についてもご指摘いただき、大変参考になります。今後、より便利で魅力的な滞在を提供できるよう取り組んでまいります。

お客様のご意見を真摯に受け止め、改善に努めてまいりますので、再度のご利用をお考えいただけると幸いです。お客様のまたのご来館を心よりお待ち申し上げております。",貴重なご意見をいただき、誠にありがとうございます。ご滞在中にご不便をおかけし、申し訳ございませんでした。お部屋のデザインや設備、また朝食の内容についてのご指摘を受け、改善を検討させていただきます。お客さまのご期待に添えるよう、より良いサービスの提供に努めて参ります。この度のご利用、心より感謝申し上げます。,"お客様
 

 貴重なご意見をいただき、誠にありがとうございます。
 

 外観や内装についてお褒めの言葉をいただいた一方で、室内デザインや朝食メニューに関してご期待に応えられなかったこと、大変申し訳なく思っております。コンセントの位置や収納スペースなど、宿泊者様の利便性を考慮した改善が必要であることを真摯に受け止めます。
 

 また、朝食の内容や味についてのご指摘もありがとうございます。お客様にご満足いただけるよう、メニューの見直しや品質向上を図って参ります。
 

 アクセスの面でもご不便をおかけし、心苦しく思っております。今後の改善に向けて、スタッフ一同努めて参りますので、貴重なご意見に感謝いたします。
 

 再訪を検討いただけるよう、次回はより良いサービスをご提供できるよう努力いたします。どうぞ引き続きよろしくお願いいたします。"
183367260,オリエンタルホテル 京都六条,オリエンタルホテル 京都六条,,GWに利用させていただいた。立地はまわりにあまりお店がないくらいで、建物の雰囲気、内装も京都らしくて素敵だ私は非常に気に入りましたまた、泊まりたい🤗,ja,5,POSITIVE,2024-12-06 17:56:38,"GWにご利用いただき、ありがとうございました。
また、お褒めの言葉をいただき、大変嬉しく思います。

当ホテルの立地や建物の雰囲気、内装がお客様にとって魅力的なものであり、京都らしさを感じていただけたようで、私たちも非常に喜んでおります。お客様にとって心地よい滞在を提供することが私たちの目標ですので、今後も素敵なお部屋とサービスを提供できるよう努めてまいります。

またの機会にぜひお越しください。お客様のまたのご利用を心よりお待ちしております。ありがとうございました。",この度はゴールデンウィークにご利用いただき、誠にありがとうございます。建物の雰囲気や内装を気に入っていただけたようで、大変嬉しく思います。お客様がまた泊まりたいと感じていただけるような体験を提供できたこと、スタッフ一同励みにいたします。再びお迎えできる日を心より楽しみにしております。,"この度はご利用いただき、誠にありがとうございます。
 

 立地や建物の雰囲気、内装にご満足いただけたとのことで、大変嬉しく思います。京都らしい素敵な空間を感じていただけたこと、私たちにとっても喜ばしいことです。
 

 またのご宿泊を心よりお待ちしております。ぜひ、次回も素敵なひとときをお過ごしください。"
183367292,オリエンタルホテル 京都六条,オリエンタルホテル 京都六条,,良い点•スタッフさんの対応。最近泊まったホテルの中でも印象に残るほど親切でした。きになった点•エントランスへは階段を降りないと行けない点→もしかしたらスロープもあるかもしれませんが、ぱっと見わからなかったです。そのため、チェックインに訪れた方がベビーカーの上げ下ろし、大きなキャリーケースの上げ下ろしに苦労しておられる姿を結構みかけました。•水回りの臭い→カビ臭いというか、下水の匂いが充満していました•アクセス→最寄駅から遠いし、コンビニなども遠い•駐車場連携なし→最寄駅から遠いのに、駐車場連携がないのはいかがなものかと思いました。選んでもらったホテルなのですが、自分では選ばないし、人にもおすすめできないのが正直な感想でした。ホテルの雰囲気も、スタッフの方も良かったので勿体ないとおもいます。改善に期待です。,ja,2,MIXED,2024-12-06 17:56:43,"お忙しい中貴重なフィードバックをいただき誠にありがとうございます。スタッフの対応に関するお言葉、心より御礼申し上げます。

一方で、お客様の指摘された問題点についても認識しており、改善に向けて努力しています。エントランスからフロントへのアクセスや水回りの臭いについて、より使いやすく清潔な環境を提供できるように検討・対処してまいります。
また、駐車場の連携に関しては、当ホテルの周辺に複数のコインパーキングがある、且つお車でお越しのお客様が極端に少ない傾向にあるため、現状は提携駐車場をご用意しておりません。ご不便をおかけし誠に申し訳ございませんが、何卒ご理解いただきますようお願い申し上げます。
なお、コンビニエンスストアは当館から徒歩5分以内の場所にございますが、スタッフ側からお客様に情報をお伝え出来なかったことに関してお詫びを申し上げます。

お客様の貴重なご意見を受けて、ホテルの改善に努め、より快適な滞在を提供できるよう取り組んでまいります。
この度はご宿泊いただき誠にありがとうございました。","この度はご滞在いただきありがとうございます。スタッフの対応についてお褒めの言葉をいただき、大変嬉しく思います。一方で、エントランスへのアクセスや水回りの臭い、駐車場の連携についてご不便をおかけし、申し訳ございませんでした。
 

 お客様からいただいた貴重なご意見をもとに、施設の改善に努めて参ります。またの機会にお越しいただける際には、より快適なご滞在を提供できるよう尽力いたします。ご意見を共有いただき、心より感謝申し上げます。","この度はご宿泊いただき、また貴重なご意見をいただきありがとうございます。
 

 スタッフの対応についてお褒めの言葉をいただき、大変嬉しく思います。しかしながら、エントランスの階段や水回りの臭い、アクセスの不便さなど、多くの点でご不便をおかけしてしまったこと、心よりお詫び申し上げます。
 

 ご指摘いただいた点については、早急に改善に向けた検討を進めてまいります。お客様にとって快適な空間を提供できるよう努めて参りますので、ぜひ今後の成長を見守っていただければ幸いです。
 

 貴重なご意見に感謝いたします。またの機会がございましたら、より良いサービスを提供できるよう努力いたしますので、よろしくお願いいたします。"
183367298,オリエンタルホテル 京都六条,オリエンタルホテル 京都六条,,隣がとにかく五月蝿かった！午前2時半くらいまでドカドカしていた！ホテルの部屋でそんな時間までドカドカすることなんてあるのかな？1階のウエルカムコーヒー飲みたかったのに紙コップ無し！朝食も混雑していたが、もっとスムーズにやる方法はあると思う！場所だけは本能寺の跡地に徒歩15分くらいで行けるのでよかった！,ja,2,POSITIVE,2024-12-06 17:56:44,"この度は口コミを投稿していただき誠にありがとうございます。
ご滞在中、隣室からの騒音やウェルカムドリンクの補充不足、朝食の混雑等様々な件に関してご不便やご迷惑をお掛けしました事を、心よりお詫び申し上げます。
頂いたご意見を基に、夜間における施設内の見回りを強化する・ウェルカムドリンクの管理方法を今一度見直す・朝食会場を円滑にまわす方法の検討等を行って参ります。
その他にお気づきの点がございましたらホテルまでお教えいただけますと幸いです。この度はご宿泊頂き誠にありがとうございました。",この度はご不便をおかけしてしまい、大変申し訳ございませんでした。隣のお部屋の騒音についてのご指摘、そしてウェルカムコーヒーや朝食の件につきましてもお客様のご期待にお応えできず心苦しく思います。今後、より快適にお過ごしいただけるよう、改善に努めてまいります。また、立地についてはご満足いただけたようで嬉しく思います。貴重なご意見をいただき、ありがとうございました。次回お客様をお迎えできる際には、より良いサービスを提供できるよう努力いたします。,"貴重なご意見をいただき、ありがとうございます。
 

 ご滞在中にお騒がせな状況があり、大変ご不便をおかけしましたこと、お詫び申し上げます。静かな環境でお過ごしいただけるよう、改善に努めてまいります。
 

 ウェルカムコーヒーや朝食の混雑に関しても、貴重なご指摘をありがとうございます。スムーズなサービス提供に向けて、見直しを図ります。
 

 立地をお褒めいただき、嬉しく思います。またのご利用を心よりお待ちしております。"
183367304,オリエンタルホテル 京都六条,オリエンタルホテル 京都六条,,インバウンド客用のホテルみたいで国際色豊富です。,ja,2,POSITIVE,2024-12-06 17:56:45,"口コミ投稿ありがとうございます。
京都にもインバウンドの観光客が戻りつつあることもあり、当ホテルでも日々様々なお国ご出身の方をお迎えいたしております。
そんな中、お客様に置かれましてはご滞在に際しご不便・ご迷惑をお掛けしました事を心よりお詫び申し上げます。
僭越ながらその詳細をホテルまでお教えいただけますと幸いです。今後の改善に役立てさせていただければと存じますので、何卒よろしくお願い申し上げます。
この度はご宿泊いただき誠にありがとうございました。",この度はご宿泊いただきありがとうございました。国際色豊かな雰囲気が特に気になられたとのこと、貴重なご意見をありがとうございます。今後もお客様が快適にお過ごしいただけるよう、サービスの向上に努めて参ります。またの機会がございましたら、ぜひお越しください。お待ちしております。,"ご意見いただきありがとうございます。
 

 国際色豊かな環境を感じていただいたとのことですが、ご期待に添えない部分があったようで申し訳ありません。お客様にとって快適な滞在をご提供できるよう、さらなる改善に努めて参ります。
 

 貴重なご感想をありがとうございました。"
183367316,オリエンタルホテル 京都六条,オリエンタルホテル 京都六条,,綺麗な居心地の良いホテルでした。黄桜のクラフトビールが飲めるプランで宿泊。何度も部屋まで運んで頂き恐縮しましたが3種類のビールで楽しい時間を過ごせました。感謝です。泊まらせて頂いた部屋は中庭に面した景観の良い部屋でしたが、エレベーターホールからは遠くて、少々疲れました。年配の方はエレベーターホールから近い部屋で、と予約の際に申し出るのが良いかも知れませんね。,ja,4,MIXED,2024-12-06 17:56:46,"この度はオリエンタルホテル京都六条へご宿泊いただき誠にありがとうございました。
快適にお過ごしいただけたご様子で何よりでございます。
再度お目にかかれる日を心よりお待ちいたしております。

オリエンタルホテル京都六条","この度はご宿泊いただき誠にありがとうございます。ホテルの雰囲気やビールプランをお楽しみいただけたとのこと、大変嬉しく思います。中庭に面した景観をお気に召していただき光栄です。
 

 エレベーターホールからのお部屋までの距離に関しまして、貴重なご意見をありがとうございます。ご滞在がより快適なものとなるよう、今後の参考にさせていただきます。またのご利用を心よりお待ちしております。","この度はご宿泊いただき、誠にありがとうございました。 
 

 居心地の良いホテルとのお言葉、大変嬉しく思います。また、黄桜のクラフトビールを楽しんでいただけたことにも感謝申し上げます。お部屋からの景観をお楽しみいただけたこと、一同喜んでおります。
 

 ただ、エレベーターホールからのお部屋までの距離でご不便をおかけしたこと、お詫び申し上げます。次回ご宿泊の際には、事前にご要望をお聞かせいただければ幸いです。
 

 またのご来館をお待ちしております。ありがとうございました。"
183367317,オリエンタルホテル 京都六条,オリエンタルホテル 京都六条,,星5→星3へ2020年感想名古屋より2歳と5歳の子供を連れ太秦映画村からアドベンチャーワールドへの経由のために宿泊しました。立地:とても良い。京都駅からタクシーで3、4分ほど。バス停も近くすぐにご飯を食べに出られました。清潔さ:とても良い。部屋の清掃も徹底されており、特にバスタブ上の換気扇の清掃が気になる私にとっては清潔な浴室は高評価でした。ベット周辺のホコリもなく◎部屋の広さ:写真の通り、広い！価格:少しだけ広めの部屋を予約しましたが、bookingで割引も効いて大人2子供2で計6500円でした。最高でした。必ずまた来ますので、今後も浴室の上部や床の清掃とベッド周辺の清掃は継続して欲しいです。2022年感想値上げされてて安心しましたが、、値段3倍の部屋半分の大きさなので2年前と比べると実質6倍の値上げかな？お風呂は換気扇埃が目立ち、改悪でした(写真あり)あとトイレのボタン横にかなり前であろう「小」が飛び散った後が清掃されていませんでした。掃除が行き届いていないホテルはダメです。フロントのボーイは早口&滑舌の悪さで何を言ってるのかわかりませんでした。他ホテル群は部屋がもう少し広く、価格も5000円以上低いので、オリエンタルさんの今のサービス&クオリティでしたら他のホテルに合わせるか、部屋の清掃を徹底してほしいと思いました。星5→星3へ再評価です。,ja,3,POSITIVE,2024-12-06 17:56:46,"この度はオリエンタルホテル京都六条にご宿泊賜りありがとうございました。
また、ご感想をお寄せいただき重ねて御礼申し上げます。
今回のご滞在におかれましてはごゆっくりとおくつろぎいただけました由嬉しく存じます。
おっしゃる通り、京都駅からは徒歩だと18分程かかってしまうのでバスやタクシーなどご利用頂くとスムーズにお越しいただけると思います。
これからも、よりご満足いただけるホテルを目指しサービスの向上を図って参る所存でございます。
引き続きご愛顧賜りますようお願い申し上げます。
またのご来館を従業員一同心よりお待ち申し上げております。

フロント　八田","この度はご宿泊いただき、貴重なご意見を賜り誠にありがとうございます。
 

 ご家族でのご滞在において、お部屋の清掃やスタッフの対応についてご不便をおかけし、心よりお詫び申し上げます。以前はご満足いただけた点が今回十分にお応えできなかったこと、大変残念に思います。
 

 お部屋の清掃については、ご指摘いただいた点を真摯に受け止め、清掃スタッフと連携を取り、改善に努めてまいります。また、スタッフの対応についてもご指摘を共有し、より丁寧な接客を心がけて参ります。
 

 お客様のご意見を大切にし、サービス向上に取り組んで参りますので、また機会がございましたら、ぜひ再度お越しいただければ幸いです。この度のご指摘、誠にありがとうございました。","この度はご宿泊いただき、貴重なご意見をありがとうございます。
 

 立地や清掃について、お褒めの言葉をいただき嬉しく思っております。お子様連れでのご旅行とのこと、快適に過ごしていただけた点についてお聞きできて安心しました。
 

 しかしながら、浴室やトイレの清掃についてご期待に沿えなかったこと、心よりお詫び申し上げます。お客様の貴重なご指摘を真摯に受け止め、清掃管理の見直しを行い、今後の改善に努めてまいります。
 

 また、フロントのスタッフの接客についてもご不快な思いをさせてしまい申し訳ありません。コミュニケーションの改善についても、スタッフへの指導を強化して参ります。
 

 今後もご意見を大切にし、よりよいサービスを提供できるよう努力して参りますので、またのご来店を心よりお待ちしております。"
183367322,オリエンタルホテル 京都六条,オリエンタルホテル 京都六条,,車で来訪しました。ホテル自体に提携PAはないそうですが真横に2箇所少し離れたところに何箇所かあり真横は24時間で1200円です。ホテルのフロントはビジネスホテルとは思えないオシャレな今時風な感じですが、チェックイン時かなり混み合いもう少し改善した方が良いかと。フロントのオシャレ感に比べフロントから出ると無機質で寂しい感じでした。客室内も特別なにがいいという訳でもなくコスパはそんなに良くないかな。せめて小さなテーブル一つくらいは欲しかったです。朝食も口コミを見ている限り良さそうでしたが品数は少なくそこまでという感じでした。次は間近で予定がない限りは利用しないと思います。,ja,3,MIXED,2024-12-06 17:56:48,この度はオリエンタルホテル京都六条にご宿泊賜り、誠にありがとうございます。チェックインの際にご不便をおかけし大変申し訳ございません。わずかではございますが簡易テーブルのご用意もございますので、またご利用の際はお気軽にスタッフにお声がけください。お客様に再び当ホテルを選んでいただけるようサービスの向上に励んでまいります。,"この度はご宿泊いただき、貴重なご意見をありがとうございました。
 

 駐車場やチェックイン時の混雑に関してご不便をおかけし、申し訳ございません。お客様の声を元に改善策を検討し、よりスムーズな対応ができるよう努めて参ります。
 

 客室の設備や朝食に関してもご期待に添えず、申し訳ございませんでした。皆様にご満足いただけるようサービスの質を向上させていきたいと考えております。
 

 またお近くにお越しの際には、ぜひお立ち寄りいただければ幸いです。引き続きお客様の意見を大切にし、改善を図ってまいります。ありがとうございました。","貴重なご意見をいただき、ありがとうございます。
 

 ご来訪時に混雑し、ご不便をおかけしてしまったこと、お詫び申し上げます。チェックインのスムーズさについては、今後改善に努めてまいります。
 

 また、客室や朝食についてもご満足いただけなかったとのことで、心よりお詫び申し上げます。お客様からの声を参考に、サービス向上に努めて参ります。
 

 次回はご期待に添えるよう、スタッフ一同精進いたしますので、またの機会がございましたらぜひお越しください。"
183367323,オリエンタルホテル 京都六条,オリエンタルホテル 京都六条,,初めての訪問です。まず、チェックインしようと手続きにカウンターへ行きましたが、男性の若いスタッフの方がアルバイト？なのでしょうか？ホテル業では珍しい程の接客の悪さでした。色々と感じることはありましたか、一番思ったのはホテル内の説明をして頂いた時まずただ小さい声で説明書きを読み流しているだけでとっても早口で小声で何を言っているのかわかりませんでした。ただ、流れ作業のひとつでお客様に伝えようという気持ちは全くないんでしょうね。旅行支援の案内もなくクーポンも無いままでした。彼が悪いのではなく、上の方がもう少し教育していただければ良くなるなかなぁと思いました。接客が残念でしたか、お部屋はとてもモダンでゆったりとしていてくつろげました。朝ごはんはもう少し種類を増やして欲しいなぁと感じました。お部屋が良かっただけに、一番最初に面する受付対応が良くなかったので残念でした。,ja,2,MIXED,2024-12-06 17:56:48,"この度は貴重なフィードバックを頂き誠にありがとうございます。
まず、初めての訪問にもかかわらず、接客に対する不快な経験をされたことについて、心よりお詫び申し上げます。スタッフの接客が不適切だったことを重く受け止めております。今後は、スタッフのトレーニング内容を今一度見直し、皆様にとってわかりやすい・快適な滞在となるようなご案内を行えるよう指導を徹底してまいります。

お部屋のモダンで快適な設備については、お喜びいただけたことをうれしく思います。ただし、朝食の品数に関するご意見や、お部屋についての肯定的な印象が、最初の接客体験の印象を補完することができなかったことを残念に思います。

その他にお気にかかった点がございましたら、恐縮ではございますがホテルまでお教えいただけますと幸いです。この度はご宿泊頂き誠にありがとうございました。","この度は当ホテルをご利用いただきまして、誠にありがとうございます。しかしながら、チェックイン時のスタッフの対応やホテル内の説明に関してご不快な思いをさせてしまい、心よりお詫び申し上げます。いただいたご意見をもとに、スタッフの教育を見直し、より良い接客サービスを提供できるよう努めてまいります。
 

 お部屋で快適にお過ごしいただけたこと、また貴重なご意見をいただけたことに感謝申し上げます。朝食の種類に関しても、今後の改善の参考にさせていただきます。
 

 貴重なご意見をいただきましたことに感謝し、次回はより良いご滞在を提供できるようスタッフ一同励んでまいります。またのご来館を心よりお待ちしております。","この度はご利用いただきありがとうございます。
 

 チェックイン時の接客に関して、ご不快な思いをさせてしまい大変申し訳ございませんでした。お客様の貴重なご意見を真摯に受け止め、スタッフの教育をより一層強化してまいります。お客様に心地よく感じていただける接客を提供できるよう、努めていきます。
 

 また、お部屋にご満足いただけたこと、そして朝食に関する貴重なご意見もありがとうございます。メニューの改善に向けて検討を進めてまいります。
 

 今後、お客様により良い体験を提供できるよう努力してまいりますので、またのご来店を心よりお待ちしております。"
183367325,オリエンタルホテル 京都六条,オリエンタルホテル 京都六条,,今まで泊まったホテルの中で最もレベルの低いホテルでした。まずフロントスタッフの質が低すぎる。20代前半と見られる男性スタッフ、チェックイン時の説明が声小さすぎる上にごにょごにょ喋ってて何言ってるか分からないし、不明点を聞いても知識不足で答えられない、しまいには部屋番号も伝えられずカードキーだけ無言で渡され、とこが部屋だか分からず聞きに戻る始末。渡されるはずの地域クーポンも渡してもらえず。後で部屋からフロントへ電話したら、渡しそびれたので取りに来るようにとのこと。不手際で渡しそびれのだから、渡しに来るのが普通ではないのか。非常に不愉快な気持ちで部屋に入ったところ、バスルームには髪の毛が複数本落ちていて明らかに清掃が行き届いていない。コップには埃が被ってるし、何から何までレベルが低くて呆れました。部屋の件はフロントに伝えて別の部屋に変えてもらいましたが、変えてもらった部屋もバスルームに髪の毛落ちていて、さすがにもう笑えてきました…どこの部屋も同じだと分かったので諦めて何も言いませんでした。部屋の加湿器も水入れるタンクにもカビが付いていました。2泊しましたが、上記の通りなのでもはや清掃スタッフは部屋に入れたくないと思い、掃除の札は出しませんでしたが、帰ってきたらタオルの替えもドア前に置いておらず。今まで泊まってきたホテルでは、清掃不要でもタオルの替えだけはドア前に用意しておいてくれていたんですけどね。エレベーターの隣の部屋でしたが、エレベーターが止まるたびに鳴る音が響いてきて防音性も低いです。マットレスはホテルのものとは思えない安物っぽい感じ。コロナが落ち着いて久しぶりの旅行で楽しみにしていましたが、とても残念な気持ちになりました。もう二度とこのホテルは利用しないですし、オリエンタルグループも利用することはないでしょう。滞在中は終始不快な気持ちで、このホテルを選んでしまった自分を悔やみました。全くおすすめできません。,ja,1,NEGATIVE,2024-12-06 17:56:48,"この度はお忙しい中口コミの投稿をいただき誠にありがとうございます。
しかしながら今回、せっかくご宿泊いただいたにもかかわらずご不便・ご迷惑をおかけし申し訳ございません。
はじめに、ご指摘いただきましたスタッフの応対に関しまして、お客様の仰る通りでございます。クーポンのお渡し漏れは本来であればこちらからお部屋に伺うべきものでございました、ご足労をお掛けいたしました。
清掃に関しても度重なる清掃不備により大変なご迷惑をお掛けいたしました。お部屋をご移動いただいたにも関わらず移動前と同様の状態であった旨、心よりお詫びを申し上げます。清掃スタッフと協議を重ね、皆様方に快適にご滞在いただけるお部屋づくりを目指してまいります。なお、タオルの交換に関しては、エコの観点からお客様のご希望(清掃希望のマグネット)がない場合にはドア掛けも含めて行わないシステムとなっておりますので、ご承知いただけますと幸いでございます。

この度は誠にありがとうございました。","この度はご滞在中に多くの不快な経験をさせてしまい、心よりお詫び申し上げます。フロントスタッフの対応や清掃の不備について、深く反省しております。いただいたご指摘を真摯に受け止め、スタッフの教育およびサービスの改善に努めてまいります。
 

 特に、チェックイン時の説明不足やお部屋の清掃状態については、すぐに改善策を講じ、今後このようなことが起きないように徹底いたします。お客様のご期待に応えられなかったことを重ねてお詫び申し上げますとともに、ご意見を元に更なる改善を目指してまいります。貴重なご意見をいただき、誠にありがとうございました。","お客様の貴重なご意見をいただき、誠にありがとうございます。
 

 ご滞在中に多くの不快な思いをさせてしまったこと、心よりお詫び申し上げます。フロントスタッフの対応や、清掃の不備、さらにお部屋の快適さに関しての不満を伺い、非常に残念な気持ちでいっぱいです。お客様のお声は真摯に受け止め、改善に努めて参ります。
 

 また、地域クーポンの取り扱いや清掃サービスの向上についても、社内でしっかりと確認し、今後同様の事態が起こらないよう努めます。
 

 せっかくの旅行を楽しみにされていた中で、このような体験をさせてしまったこと、心よりお詫び申し上げます。お客様の信頼を取り戻すために、一層努力して参りますので、何卒ご容赦いただけますようお願い申し上げます。"
183367326,オリエンタルホテル 京都六条,オリエンタルホテル 京都六条,,11月末、紅葉の綺麗な季節に、0歳児の息子と2人でする初めての旅行でした。不慣れな点も多かった為、事前にホテルに何度も架電し色々質問をしてしまいましたが毎回温かくご対応頂き、滞在が楽しみでした。しかし、当日残念だなと思ったことが2点ありましたので書き込みさせていただきます。①エントランスについてバリアフリーのためのスロープがありません。チェックインの時間帯にはロビーサービスのような中年くらいの女性がすぐに気づいてくださり、ベビーカーや荷物を運ぶのを手伝ってくださいましたが、チェックイン後外出する際や戻った際などどなたも気にかけてくださいませんでした。手伝ってもらうことが前提とは考えておりませんし、忙しくて気づかないならまだしも、スタッフ同士で談笑しているような雰囲気でしたので残念でした。②部屋の加湿器について部屋は和室タイプのお部屋にしました。雰囲気がとても素敵で気に入りました。前述の通り0歳児を連れていたので暖房をつけ加湿器を稼働させようとしました。タンクに水を入れようとしたところ受け皿がピンクやら茶色やらのヌメりやカビだらけでした。我が家にも同じタイプの加湿器がありますが、相当手入れをしない状態でないとあのような汚れにはなりません。乾燥した部屋になってしまうのは息子に申し訳なかったですが、加湿器をつけるほうが体調が悪くなりそうだったので使用しませんでした。部屋は気に入りましたし朝食も美味しかっただけに、上記2点が非常に残念でした。紅葉のハイシーズンな時期で、平日でもなかなかお値段がする時期に値段相応な滞在とはなりませんでした。京都にはまたいつか来たいなと思っていますが、ここには滞在したくありません。,ja,2,MIXED,2024-12-06 17:56:49,"この度はオリエンタルホテル京都六条をご利用いただき誠にありがとうございます。
またご意見につきましても頂戴し大変嬉しく思います。
その中で、スタッフ対応等お褒めのお言葉をいただきましたが、一部のスタッフについては配慮が不足しており、大変申し訳ございませんでした。
今回の件をスタッフ全員に共有し、指導に努めます。
また、客室内の加湿器の清掃不備に関しましては清掃スタッフに周知させ、こちらも今後の清掃時のチェック項目として指導してまります。
お客様皆様に快適にお過ごしいただけいる様に今後も精進してまります。
オリエンタルホテル京都六条　フロントマネージャー江原","この度はご宿泊いただきありがとうございました。貴重なご意見をいただき感謝いたします。お客様とお子様にご満足いただける滞在をご提供できず大変申し訳ございませんでした。
 

 まず、エントランスのバリアフリー対応についてご不便をおかけし、心よりお詫び申し上げます。スタッフの対応にも配慮が足りなかった点、重ねてお詫びいたします。お客様の声を参考に、サービスの改善を検討してまいります。
 

 また、部屋の加湿器についても不快な思いをさせてしまい、誠に申し訳ございません。清掃とメンテナンスの徹底を図り、快適な環境を提供できるよう努力いたします。
 

 京都での滞在を楽しみにされていたお気持ちに添えず残念でなりません。これからもお客様の声を大切にし、サービス向上に努めます。もし再びご縁をいただけることがあれば、改善された姿をお見せできればと考えております。","この度はご利用いただき、誠にありがとうございます。
 

 せっかくのご旅行で不快な思いをさせてしまい、大変申し訳ございませんでした。  
 ご指摘いただきましたバリアフリー対応や加湿器の清掃状態について、しっかりと確認し改善に努めてまいります。  
 また、スタッフの対応についても改めて指導を行い、お客様が心地よくお過ごしいただけるよう努めてまいります。
 

 お部屋や朝食についてお褒めいただき、ありがとうございます。  
 再度のご訪問は難しいとのことですが、いつかまた京都にお越しの際には、ぜひ良い思い出を作っていただけるよう、努力していきます。  
 

 貴重なご意見をいただき、感謝いたします。"
183367336,オリエンタルホテル 京都六条,オリエンタルホテル 京都六条,,雰囲気も良く清潔で文句無しです。アメニティも充実してます。朝食も満足でした。また利用したいです。,ja,5,POSITIVE,2024-12-06 17:56:50,ご多用のところ写真や感想を掲載して頂き誠ににありがとうございます。この度は当ホテルの朝食にお褒めの言葉を頂戴し、大変光栄に思います。またのお越しをスタッフ一同お待ちしております。,素晴らしいご評価をいただき、ありがとうございます。施設の雰囲気や清潔さ、アメニティ、そして朝食についてご満足いただけたこと、非常に光栄に思います。次回のご利用も心よりお待ちしております。ぜひまたお越しください。,"ご利用いただきありがとうございます。
 

 雰囲気や清潔さ、アメニティにご満足いただけたとのこと、嬉しく思います。  
 

 朝食もお楽しみいただけたようで、安心いたしました。  
 

 またのお越しを心よりお待ちしております。"
183367338,オリエンタルホテル 京都六条,オリエンタルホテル 京都六条,,クリスマスに京都旅行で泊まりました。清水寺と嵐山の中間にあり、バス停も近いので移動するには良い場所にありました。ホテルは、掃除が行き届いていて清潔感があり快適でした。,ja,4,POSITIVE,2024-12-06 17:56:50,この度はオリエンタルホテル京都六条にご宿泊賜り、誠にありがとうございます。快適にお過ごし頂けたようで何よりでございます。またのお越しをスタッフ一同心よりお待ちしております。,この度はクリスマスのご旅行にお選びいただき、誠にありがとうございます。私たちの立地や清掃についてご満足いただけたようで何よりです。アクセスの便利さが、お客様の旅行をより楽しいものにできたことを嬉しく思います。またのご利用を心よりお待ちしております。,"この度は当ホテルをご利用いただき、ありがとうございます。
 

 立地や清潔感についてお褒めの言葉をいただき、大変嬉しく思っております。クリスマスの特別な時期に、快適にお過ごしいただけたことを光栄に思います。
 

 これからもお客様に満足いただけるよう、サービス向上に努めてまいります。またのご利用を心よりお待ちしております。"
183367339,オリエンタルホテル 京都六条,オリエンタルホテル 京都六条,,大きな通りに面してないので静かに過ごせます。チェックイン手続きも手際よく好感。,ja,4,POSITIVE,2024-12-06 17:56:50,この度は数あるホテルの中からオリエンタル京都六条にご宿泊賜り、誠にありがとうございます。 またご多忙の中、ご投稿いただきまして重ねてお礼を申し上げます。これからもお客様に快適に過ごして頂けるように努めて参ります。,ご宿泊いただきありがとうございます。静かな環境を楽しんでいただけたようで安心いたしました。チェックインの対応についてのお褒めの言葉もありがとうございます。今後とも快適にお過ごしいただけるよう努めて参りますので、またのお越しを心よりお待ちしております。,"この度はご利用いただき、ありがとうございます。
 

 静かな環境でお過ごしいただけたとのこと、大変嬉しく思います。また、チェックイン手続きについてもお褒めの言葉をいただき、スタッフ一同励みになります。
 

 今後とも、心地よい空間を提供できるよう努めてまいりますので、ぜひまたお越しください。お待ちしております。"
183367350,オリエンタルホテル 京都六条,オリエンタルホテル 京都六条,,ビジネスホテルみたいけど値段が高いです。,ja,2,MIXED,2024-12-06 17:56:52,"フィードバックをいただき誠にありがとうございます。
お部屋の価格についてご不満を感じられたこと、大変申し訳ございません。
お客様が快適で満足のいく滞在をお楽しみいただけますよう、サービスと設備に改善を重ねて一層精進して参ります。
この度はご宿泊頂き誠にありがとうございました。",貴重なご意見をいただきありがとうございます。料金に関してご期待に添えなかったことをお詫び申し上げます。今後のサービス向上の参考にさせていただきます。機会がございましたら、ぜひ再度ご利用いただければ幸いです。,"ご来店いただき、また貴重なご意見をありがとうございます。
 

 ご期待に沿えず、申し訳ありませんでした。価格に対する価値を感じていただけるよう、さらなる改善に努めてまいります。
 

 今後ともご指摘をいただけますと幸いです。お客様にご満足いただけるよう努力してまいりますので、またの機会にお越しいただければと思います。"
183367354,オリエンタルホテル 京都六条,オリエンタルホテル 京都六条,,白、黒、茶で統一されており、すごく綺麗でおちつける場所でした。余計なものがいっさいない。場所を考えると、リーズナブル。,ja,4,POSITIVE,2024-12-06 17:56:53,この度はオリエンタルホテル京都六条にご宿泊賜り、誠にありがとうございます。快適にお過ごし頂けたようで何よりでございます。またのお越しをスタッフ一同お待ちしております。,ご来店いただき、ありがとうございます。お店の雰囲気を気に入っていただけたようで嬉しいです。リラックスできる空間作りを心がけておりますので、そのようなお言葉をいただけて何よりです。これからもお客様にご満足いただけるよう努めてまいります。またのお越しをお待ちしております。,"ご利用いただきありがとうございます。
 

 落ち着いた雰囲気をお楽しみいただけたようで、私たちも嬉しく思います。 
 

 シンプルで洗練された空間を提供することを心がけており、リーズナブルな価格にもご満足いただけたとのことで、大変光栄です。
 

 今後もお客様にとって心地よい場所であり続けられるよう努めて参りますので、またのご来店をお待ちしております。"
183367363,オリエンタルホテル 京都六条,オリエンタルホテル 京都六条,,京都駅から少しありますが近くに西本願寺があったりするので遠くは感じなかったです。周りが静かで街に同化していました。,ja,5,POSITIVE,2024-12-06 17:56:54,オリエンタル京都六条にご宿泊いただき、誠にありがとうございます。今回の滞在をご満足頂けたようで嬉しく思います。またのお越しをスタッフ一同お待ちしております。,"この度はご来店いただき、誠にありがとうございます。お店周辺の環境を楽しんでいただけたようで、とても嬉しく思います。静かで落ち着いた雰囲気も魅力の一部と感じていただけたこと、心より感謝いたします。
 

 またのお越しをお待ちしております。どうぞお気をつけてお越しください。","ご来店いただき、ありがとうございます。
 

 周りの雰囲気や立地について気に入っていただけたようで、とても嬉しいです。静かな環境の中で、リラックスした時間を過ごしていただけたことが伝わってきました。
 

 またぜひお越しいただき、別の楽しみを見つけていただけることを心よりお待ちしております。"
183367364,オリエンタルホテル 京都六条,オリエンタルホテル 京都六条,,五泊六日で利用したが外出時にドア外に掃除の札を出さないと、掃除しないので忘れずに。ホテル内には周辺、観光の案内が無いので事前に情報を取得が必要と考えます　シャワーカーテンだと思いますが酸っぱい臭いがするので、したら換気とシャワーで洗いましょう,ja,1,NEGATIVE,2024-12-06 17:56:54,"この度は口コミの投稿をいただき誠にありがとうございます。
清掃に関してはエコの観点から、ご希望時にマグネットをドアの外側にお貼りいただくシステムとなっております。スタッフのご案内が足りず申し訳ございません。
その他、客室設備やホテル周辺の状況に関しましてもご指摘をいただきありがとうございます。ホテル前の明るさに関しては、特に日が早く落ちる時期になりますと一層暗く感じやすいかと存じますので、スタッフ間で協議の上ライトの点灯開始時間を早める等の対策を講じたいと存じます。
この度はご宿泊いただき誠にありがとうございました。",この度はご利用いただきありがとうございます。不快な思いをさせてしまい、大変申し訳ございませんでした。清掃についての案内が不十分だったこと、またシャワーカーテンの臭いに関してもご不便をおかけしましたことをお詫び申し上げます。お客様からのフィードバックを真摯に受け止め、改善に努めてまいります。また、お客様が快適にお過ごしいただけるよう、観光情報の提供方法についても検討いたします。貴重なご意見をありがとうございました。,"この度はご宿泊いただき、また貴重なご意見をありがとうございます。
 

 掃除の件については、ご不便をおかけし申し訳ございません。今後はわかりやすい案内を心掛けてまいります。また、観光情報の提供に関しても、改善を検討いたします。
 

 シャワーカーテンの臭いについてもご指摘いただき、感謝いたします。清掃スタッフにしっかりと伝え、対策を講じるようにいたします。
 

 お客様の貴重なご意見をもとに、より良い宿泊体験を提供できるよう努力して参ります。次回のご利用を心よりお待ちしております。"
183367366,オリエンタルホテル 京都六条,オリエンタルホテル 京都六条,,先日子連れでお伺いしました。少し広めのお部屋にグレードアップをしていただけ、部屋・館内設備は綺麗ですし、朝食の和食・デザートもほどよい品数でどれも美味しく、大満足でした。本当にありがとうございました。※ちょっと駅からは距離があること、ホテルの入口が階段のためベビーカ（や車いす）だと少し手間がかかること、フロントご担当者に少々不慣れな点がいくつか散見されましたが、それを差し引いても素晴らしかったです。知人にもオススメしたいと思います。,ja,5,POSITIVE,2024-12-06 17:56:55,この度はオリエンタルホテル京都六条にご宿泊賜り、誠にありがとうございます。ホテルの立地等でご不便をお掛けしましたことお詫び申し上げます。今後はより一層スタッフの教育に力を入れて参ります。またのお越しを心よりお待ちしております。,この度はご家族でのご来館、誠にありがとうございました。お部屋や設備、朝食にご満足いただけたことを嬉しく思います。また貴重なご意見もありがとうございます。駅からの距離や入口の階段については、今後の改善の参考とさせていただきます。フロントのサービスに関しても、さらなる向上を目指して努めてまいります。お知り合いの方にもおすすめいただけるとのお言葉、大変光栄です。是非またのご来館をお待ちしております。心から感謝申し上げます。,"この度はご利用いただき、心温まるお言葉をいただき誠にありがとうございます。
 

 お部屋のグレードアップや、朝食をお楽しみいただけたとのこと、大変嬉しく思います。また、当館の設備や清潔さをご評価いただき、感謝申し上げます。
 

 ご指摘いただいた駅からのアクセスや、入口の件については、今後の改善に活かして参ります。また、フロントの対応についても貴重なご意見ありがとうございます。スタッフの教育をより一層強化してまいります。
 

 知人へのオススメのお言葉、スタッフ一同励みになります。次回のご来店を心よりお待ちしております。"
183367367,オリエンタルホテル 京都六条,オリエンタルホテル 京都六条,,ブッフェスタイルの朝食は、レパートリーは少なめですが、安定した美味しさがありました。ホテルは全体的に、落ち着いた雰囲気です。＜おすすめポイント＞・朝食：安定感あり（フルーツはない）・閑静な立地（アクセスは意外と良くない）・1階に作業スペースあり：極めて静かで、作業が捗る＜改善点＞・ドライヤーの場所が分かりにくい・上階（4F）の水圧が若干弱かった・ベッドサイドのランプに埃あり,ja,4,MIXED,2024-12-06 17:56:55,この度はオリエンタルホテル京都六条にご宿泊賜り、誠にありがとうございます。ご多用のところ写真まで掲載して頂き感謝申し上げます。お客様のご指摘を全スタッフで共有し改善に努めます。またの京都滞在の際にはオリエンタルホテル京都六条を選んでいただければ幸いです。,"この度は当ホテルをご利用いただき、心より感謝申し上げます。ブッフェスタイルの朝食やホテルの雰囲気について、お褒めいただき嬉しく思います。
 

 また、貴重なご意見をありがとうございます。ドライヤーの配置、水圧および清掃に関するご指摘は、しっかりと改善に努めてまいります。より快適にご滞在いただけるよう努めて参ります。
 

 またのご利用を心よりお待ちしております。","貴重なご意見をいただき、ありがとうございます。
 

 ブッフェスタイルの朝食を気に入っていただけたこと、大変嬉しく思います。落ち着いた雰囲気や作業スペースの静かさも高く評価いただき、感謝申し上げます。
 

 頂戴したご指摘については、今後の改善に努めて参ります。ドライヤーの場所や水圧、清掃に関してしっかりと確認し、お客様により快適にお過ごしいただけるよう努力して参ります。
 

 再びのご訪問を心よりお待ちしております。"
183367371,オリエンタルホテル 京都六条,オリエンタルホテル 京都六条,,すごくよい,ja,4,POSITIVE,2024-12-06 17:56:56,この度はオリエンタルホテル京都六条にご宿泊賜り、誠にありがとうございます。今後もサービス向上に努めて参りますので、またの京都滞在の際には是非オリエンタルホテル京都六条をお選びいただければ幸いです。,口コミをいただき、ありがとうございます。サービスや商品に満足していただけたようで嬉しい限りです。今後もさらにご満足いただけるよう努めて参りますので、ぜひまたお越しください。お待ちしております。,ご来店いただき、ありがとうございます。とても良い評価をいただき、嬉しく思います。今後ともさらなるサービス向上に努めてまいりますので、ぜひまたお越しください。お待ちしております！
183367372,オリエンタルホテル 京都六条,オリエンタルホテル 京都六条,,一人旅で利用させて頂きました。お部屋は隅々までとても綺麗✨✨ホテルのフロントの方々もとても感じ良い接客で此方を選んで良かった〜と思いました❣️ホテルの電動レンタサイクルで京都市内をあちこち行けたのも楽しめました😊京都駅からさほど遠くもなく、近くにスーパーがあるのも便利です❣️また是非利用したいホテルです😊,ja,5,POSITIVE,2024-12-06 17:56:56,"数あるホテルの中よりオリエンタルホテル京都六条をご利用頂き誠に有難う御座います。
スタッフや施設につきまして、お褒めのお言葉を頂戴し、大変嬉しく存じます。
自転車でのご移動で、電車では行きにくい観光地へのアクセスも可能ですので、当ホテルの電動自転車をおすすめしております。
またのご来館を従業員一同心よりお待ち申し上げております。","この度は私どものホテルをご利用いただき、誠にありがとうございます。お部屋やフロントスタッフのサービスについてご満足いただけたとのこと、大変嬉しく思います。電動レンタサイクルでの京都観光も楽しんでいただけたようで何よりです。
 

 立地や周辺の便利さにもご満足いただけたご様子で、私たちも安心いたしました。次回のご滞在も心からお待ちしておりますので、ぜひまたお越しくださいませ。素敵な旅のお手伝いができることを楽しみにしております。","この度は一人旅でのご利用、誠にありがとうございます。
 

 お部屋やスタッフの接客にご満足いただけたとのこと、大変嬉しく思います。 
 

 電動レンタサイクルでの観光も楽しんでいただけたようで、何よりです。 
 

 便利な立地についてもお褒めの言葉をいただき、感謝いたします。 
 

 またのご来訪を心よりお待ちしております。"
183367375,オリエンタルホテル 京都六条,オリエンタルホテル 京都六条,,一人暮らしのワンルームみたいなお部屋で私はすごい好きです。天井が高いので広く見えます。確かにバストイレがちょっと狭いかな？とは思いますが特に問題ないです。ただ空気清浄機が埃が積もってました。Wi-Fiも何故か繋がらなかったのですが迅速な対応をして頂いたので不便なかったです。,ja,4,MIXED,2024-12-06 17:56:56,この度はオリエンタルホテル京都六条にご宿泊賜り、誠にありがとうございます。お部屋を気に入って頂けたご様子で嬉しく思います。今後もサービス向上に努めて参りますので、またの京都滞在の際には是非オリエンタルホテル京都六条をお選びいただければ幸いです。,"ご感想をお寄せいただき、誠にありがとうございます。お部屋を気に入っていただけたとのこと、大変嬉しく思います。  
 バストイレについても、ご理解いただきありがとうございます。
 

 空気清浄機の埃につきまして、ご不快な思いをさせてしまい申し訳ありません。清掃を徹底し、改善に努めます。また、Wi-Fiの不具合についても迅速な対応にご協力いただき、感謝申し上げます。
 

 次回のご利用を心よりお待ちしております。より快適な環境をご提供できるよう努めてまいりますので、今後ともよろしくお願いいたします。","この度はご滞在いただき、ありがとうございます。
 

 お部屋の雰囲気を気に入っていただけたとのこと、とても嬉しく思います。天井の高さが広々とした印象を与えているようで、良かったです。
 

 バストイレのサイズについてのご意見、そして空気清浄機の状態に関して、お知らせいただきありがとうございます。清掃や点検をより一層徹底し、快適にお過ごしいただけるよう努めて参ります。
 

 Wi-Fiの件については、迅速に対応できたとのお言葉をいただき安心しました。今後も何か気になる点がございましたら、お気軽にお知らせください。
 

 またのご利用を心よりお待ちしております。"
183367376,オリエンタルホテル 京都六条,オリエンタルホテル 京都六条,,事前に部屋タイプは選べないと言われてたのですが希望していた｢2人ともベッドからTVが見える部屋｣になっててとても嬉しかったです！バイキングが予約制になってたのは残念でしたが料金も格安での提供でしたので全体的に満足してます！ただ、1階の身障者用トイレがオシッコ臭かったです。女性用のトイレは臭くなかったです！,ja,5,MIXED,2024-12-06 17:56:57,"この度はオリエンタルホテ京都六条にご宿泊賜り、誠にありがとうございます。お部屋にご満足頂けたようで嬉しく思います。一階お手洗いの件に関しましては、ご不快な思いをさせてしまい大変申し訳ございません。今後ともサービス向上に努めて参りますので、京都滞在の際にはオリエンタルホテル京都六条を選んでいただければ幸いです。またのお越しをお待ちしております。
","ご宿泊いただき、誠にありがとうございます。希望されていたお部屋で快適にお過ごしいただけたこと、大変嬉しく思います。しかし、バイキングの予約制に関してご不便をおかけしましたことをお詫び申し上げます。ご料金について満足いただけたのは何よりです。
 

 1階の身障者用トイレの匂いにつきましては、早急に改善に努めます。貴重なご意見をありがとうございます。これからもより良いサービスの提供に努めてまいりますので、ぜひまたご利用ください。心よりお待ちしております。","この度はご利用いただき、誠にありがとうございます。
 

 ご希望のお部屋タイプにご満足いただけたとのことで、スタッフ一同嬉しく思っております。バイキングの予約制に関してはご不便をおかけし申し訳ありませんが、料金にご満足いただけたようで何よりです。
 

 また、身障者用トイレの臭いについてご指摘いただき、ありがとうございます。清掃や管理の方法を見直し、改善に努めて参ります。
 

 貴重なご意見をいただき、感謝いたします。次回のご来店を心よりお待ちしております。"
183367379,オリエンタルホテル 京都六条,オリエンタルホテル 京都六条,,東本願寺と西本願寺の間にあり、通りから少し入った所の静かな場所にありました☺️黒を基調とした京都らしいホテルで、ロビーが広く落ち着いた雰囲気でした✌️ルームカード使用しか最初の扉を入ることができないセキュリティシステムに安心できました。4人でコネクティングルームを予約。コーナーにソファーがあって、2人で充分な広さでした。部屋着有り、アメニティも揃っていました。部屋全体が清潔感あって、快適でした🎵2点ほど気がついたことを。。。ソファー近くにテーブルがあると良かったかなぁ〜お湯沸かしポットを使用したくて、コンセントを探しましたが…ベッド脇しか無かった感じでした😅もう少し壁側にコンセントがあれば…と思いました😅朝食は、京風「和」のブッフェスタイルの朝ご飯がとても素晴らしかったです😍白味噌のお味噌汁、白米、おばんざいや和のスイーツなどなどどれも美味しくて、つい食べ過ぎてしまいました😋全体に京都のおもてなしを感じることができるホテルでした🫶,ja,5,POSITIVE,2024-12-06 17:56:57,この度はオリエンタルホテル京都六条にご宿泊賜り、誠にありがとうございます。ご多用のところ口コミや写真を掲載して頂き感謝申し上げます。朝食にご満足頂けたご様子が伺え嬉しく思います。お部屋の設備等でご不便をおかけし申し訳ございません。わずかではございますが簡易テーブルのご用意もございますので、またご利用の際はお気軽にスタッフにお声がけください。またのお越しをスタッフ一同心よりお待ちしております。,"この度は当ホテルをご利用いただき、心温まるご感想をありがとうございます。東本願寺と西本願寺の間に位置する当ホテルの静かな環境や、黒を基調としたデザイン、セキュリティシステムにご満足いただけて嬉しく思います。
 

 また、コネクティングルームの広々とした空間や清潔感ある部屋、京風の朝食ブッフェを楽しんでいただけたことは、何よりありがたいことです。特に京料理を楽しんでいただけたようで、私たちも嬉しい限りです。
 

 ご指摘いただいたソファー近くのテーブルやコンセントの位置につきましては、今後の改善の参考にさせていただきます。貴重なご意見をありがとうございます。
 

 次回もお客様に素晴らしい滞在を提供できるよう努めてまいりますので、またのご利用を心よりお待ち申し上げております。","この度はご宿泊いただき、心温まる口コミをありがとうございます。
 

 静かな立地や落ち着いたロビーの雰囲気をお気に召していただけたようで、大変嬉しく思います。コネクティングルームやアメニティの充実にご満足いただけたこと、何より清潔感にご評価をいただき、本当にありがとうございます。
 

 いただいたご提案に関しても、貴重なお声としてしっかりと検討させていただきます。お客様の快適な滞在をさらに向上させるための参考にさせていただきます。
 

 朝食の京風ブッフェスタイルを楽しんでいただけたこと、とても嬉しく思います。美味しいお食事で京都の味を感じていただけたこと、本当にありがとうございます。
 

 ぜひまたのご利用をお待ちしております。お客様の次回のご来店をスタッフ一同心より楽しみにしております。"
183367381,オリエンタルホテル 京都六条,オリエンタルホテル 京都六条,,割安に宿泊いただけました‼️新しいホテルでロビーも部屋快適でした。交通の便利もよく。,ja,5,POSITIVE,2024-12-06 17:56:58,この度はオリエンタルホテル京都六条にご宿泊賜り、誠にありがとうございます。快適にお過ごし頂けたとの事、大変嬉しく思います。またのお越しを心よりお待ちしております。,この度はご宿泊いただきまして、誠にありがとうございます。施設や立地にご満足いただけたようで、大変嬉しく思います。快適にお過ごしいただけたことが何よりの喜びです。ぜひまたお越しいただけますことを、スタッフ一同心よりお待ちしております。,"この度はご宿泊いただき、誠にありがとうございます。
 

 快適な空間を提供できたこと、大変嬉しく思います。 
 

 交通の便も良い立地ですので、またのご利用を心よりお待ちしております。"
183367383,オリエンタルホテル 京都六条,オリエンタルホテル 京都六条,,新しくお洒落なホテルで外観も京都らしく素敵です。二人で泊まるには広さも十分で、お得に泊まることができました。朝食付きのプランで滞在したので、朝からおばんざいや湯豆腐を楽しむことができました。デザートに自分で作るどら焼きや最中があって珍しかったです。高齢で杖が必要な父母との旅行でビュッフェスタイルの朝食では、スタッフの方が親切にしてくれて、とても助かりました。全体的に素晴らしい！…と言いたいのですが、お部屋のトイレ、バスルームの臭いが…。カビ臭い…新しいのになぜ？私の部屋だけかな？って思ったのですが父母の部屋も同じだったので…掃除はとても行き届いてるようにみえるのですが…そこだけが残念。,ja,4,MIXED,2024-12-06 17:56:58,この度はオリエンタルホテル京都六条にご宿泊賜り、誠にありがとうございます。朝食やホテルの外観にご満足頂けた様子が伺え嬉しく思います。清掃に関しましてご不快な思いをさせてしまい大変申し訳ございません。今後ともサービス向上に努めてまいりますので、またの京都旅行の際には是非当ホテルをお選びいただければと思います。,"この度は私たちのホテルをご利用いただき、誠にありがとうございます。お部屋の広さや朝食をお楽しみいただけたようで、私たちも嬉しく思っております。また、スタッフの対応についてお褒めの言葉をいただき、感謝申し上げます。
 

 しかしながら、お部屋のトイレやバスルームの臭いについて、大変ご不便をおかけしましたことをお詫び申し上げます。この件については早急に改善に努め、今後より快適にお過ごしいただけるよう環境を整えてまいります。
 

 貴重なご意見に感謝し、またのご来訪を心よりお待ちしております。どうぞお元気でお過ごしください。","この度はご宿泊いただき、心より感謝申し上げます。外観や広さ、朝食の内容についてご満足いただけたとのこと、大変嬉しく思います。
 

 しかしながら、お部屋のトイレやバスルームの臭いに関してご不便をおかけし誠に申し訳ございません。新しい施設にもかかわらず、そのような状態があったことは、私たちにとっても残念でなりません。清掃状況については確認を行い、改善に努めてまいります。
 

 次回のご宿泊時には、より快適な滞在を提供できるよう努力いたしますので、ぜひまたお越しください。お客様の貴重なご意見、誠にありがとうございました。"
183367386,オリエンタルホテル 京都六条,オリエンタルホテル 京都六条,,閑静な路地裏にあります。京都駅から歩いて15分〜20分弱でしょうか。京都の町並みを感じながら歩くにはちょうど良いかもしれませんが、アタッシュケースなど大きな荷物があるならタクシーを使うべきかと思います。新しい建物で京都感のある設えです。朝食は1階の窓のあるテーブル席でバイキング形式。和食です。個人的にはパンが欲しくなるのですが、内容がいいので満足です。2泊しましたが、メニュー変わらずだったので、連泊にはちょっと変化がほしいところです。客室には充電コード備えられていました。ヘッドボードにはコンセント類がありますが、ランタンが邪魔でちょっと勝手が悪いです。冷蔵庫、浴室周りは普通ですね。地域的に高層建物ではないので景色も特段いいとは言えませんが、低層なだけに、朝の陽射しを早く感じられました!,ja,4,MIXED,2024-12-06 17:56:59,この度はオリエンタルホテル京都六条にご宿泊賜り、誠にありがとうございます。ご多用のところ口コミや写真を掲載していただき、大変嬉しく思います。お客様に頂いたご指摘は全スタッフで共有させていただきます。またのお越しをスタッフ一同心よりお待ちしております。,この度はご利用いただき、誠にありがとうございます。立地や設え、そして朝食など様々な点でご意見をいただき感謝いたします。連泊の際に少しでも変化を楽しんでいただけるよう、改善を検討して参ります。客室の使い勝手についても貴重なご指摘をありがとうございます。快適にお過ごしいただけるよう努めてまいりますので、またお越しいただけることを心よりお待ち申し上げております。,"この度はご宿泊いただきありがとうございます。
 

 閑静な路地裏の立地をお楽しみいただけたようで嬉しく思います。京都の町並みを感じながらの道程が心地よいですね。また、朝食の内容にも満足していただけたとのこと、ありがとうございます。
 

 ご指摘いただいたメニューのバリエーションや客室のコンセント配置については、今後の改善点として真摯に受け止めさせていただきます。
 

 またのご利用を心よりお待ちしております。お越しいただける際には、さらにご満足いただけるよう努めてまいります。"
183367387,オリエンタルホテル 京都六条,オリエンタルホテル 京都六条,,インテリアや朝食で使用される食器等、デザイン面でとても心躍るホテルでした。朝食は品数は少ないながらも、ホッとできるお味でした。スタッフの方も必要十分な対応でよかったです。しかし残念な点が多く気持ちの良い滞在にはなりませんでした。・ユニットバスのアンモニア臭が酷く気分が悪くなります。トイレ周りの壁や床、拭き掃除されているのか？気持ち悪くて素足で床を踏めませんでした。・別の方がトイレに埃が積もった写真をupしておられますが、私の泊まったお部屋も同じ状況でしたので改善はされないようです。・ランドリーを利用しました。洗剤自動投入式で乾燥まで出来とても助かります。が、洗濯機のパッキンにも埃が積もっていたので一抹の不安を抱きつつ、えいやっと洗濯。やっぱり出来上がった洗濯物から異臭。このホテルは水回りが弱いですね。・ベッドがまさかの3つ折りマットレスでした。寝心地が良いとは言えません。これは値段相応と取るべきでしょうか。しかし同じ価格帯のホテルや年季の入った古いホテルであっても、これまで清掃に不安を抱いたことはありませんでしたので本当に驚きました。今後この系列のホテルの利用はないかな。。,ja,2,MIXED,2024-12-06 17:56:59,この度はオリエンタルホテル京都六条をご利用頂き誠にありがとうございました。清掃等に関しまして不快なお思いをさせてしまい申し訳ございませんでした。お客様から頂いたご指摘はスタッフ一同で共有させて頂き、改善に努めて参ります。またお会いできることを心より願っております。,"この度は貴重なご意見をいただき、ありがとうございます。インテリアや朝食についてお褒めの言葉をいただき嬉しく思います。一方で、清掃や設備に関してご不快な思いをさせてしまい大変申し訳ございませんでした。
 

 特にユニットバスやランドリーにおける清掃の不備は、早急に改善に努めてまいります。ご指摘いただいた点はしっかりとスタッフ間で共有し、改善策を検討いたします。また、客室のベッドや設備についても見直しを進め、お客様に快適にお過ごしいただける環境作りに尽力いたします。
 

 今後ともお客様に喜ばれるサービスを提供できるよう努力してまいりますので、また機会がございましたらぜひご利用いただければ幸いです。この度のご指摘に感謝申し上げます。","この度はご宿泊いただき、誠にありがとうございます。
 

 インテリアや朝食についてお褒めの言葉をいただけたこと、大変嬉しく思います。ただ、滞在中に多数のご不便をおかけしてしまい、申し訳ございませんでした。
 

 特に、ユニットバスの臭いや清掃状況、ランドリーの不安など、ご指摘いただいた点については真摯に受け止め、改善に努めさせていただきます。
 

 お客様に快適にお過ごしいただける環境を提供することが私たちの使命ですので、いただいたご意見をもとに対応を強化してまいります。
 

 貴重なご意見をありがとうございます。今後とも改善を続け、再度お越しいただけるよう努力いたします。"
183367388,オリエンタルホテル 京都六条,オリエンタルホテル 京都六条,,京都駅に近く、その割りに閑静で、ゆっくりくつろげるホテルです。タクシー🚕の予約が取れず困ってたのですが、フロントに電話してすぐ予約できました。,ja,4,POSITIVE,2024-12-06 17:56:59,この度はオリエンタルホテル京都六条にご宿泊賜り、誠にありがとうございます。フロントでタクシーを手配させていただきますので、お声がけ頂ければと思います。またのお越しをスタッフ一同心よりお待ちしております。,この度はご利用いただき、誠にありがとうございます。立地や静かな環境、そしてフロントの対応にご満足いただけたことを嬉しく思います。これからも快適にくつろいでいただけるサービスを提供できるよう努力してまいります。またのご来館を心よりお待ちしております。,"ご利用いただき、ありがとうございます。
 

 京都駅近くでの利便性をご評価いただけたこと、大変嬉しく思います。 
 

 タクシーの予約がスムーズにできたことも、安心してお過ごしいただけた一因かと思います。 
 

 今後もご期待に添えるサービスを提供できるよう努力して参りますので、またのご来館をお待ちしております。"
183367389,オリエンタルホテル 京都六条,オリエンタルホテル 京都六条,,お部屋もスタッフさんの対応も良かったし、お洒落なホテルでした。ただ、TVのリモコンがなかなか見つからなかったのと、単に、朝食ビュッフェの品数が少なかったのは残念です。皆さんの仰るとおり、白味噌のお味噌汁が格別でした。ありがとうございました…！,ja,4,MIXED,2024-12-06 17:57:00,"この度はオリエンタルホテル京都六条にご滞在をいただき誠にありがとうございます。 またご感想もお寄せいただき重ねてお礼を申しあげます。
まずTVのリモコンにつきましてはTVの下部分に設置しておりましたが分かりにくかったようで大変失礼致しました。今後設置場所につきまして、検討させて頂きます。
また、ご朝食につきましてお味噌汁は料理長こだわりの一品で隠し味に山芋を擦って入れております。喜んでいただき、大変嬉しく存じます。
品数につきましては数を少し絞ってご飯を美味しく召し上がっていただく内容にリニューアルしておりますが、頂戴しましたご意見は今後のメニュー検討とさせていただきます。
またの是非 次回のご来館も是非スタッフ一同心よりお待ち申し上げております。","この度はご利用いただき、誠にありがとうございます。お部屋やスタッフの対応、ホテルの雰囲気を気に入っていただけたこと、大変嬉しく思います。
 

 しかしながら、テレビのリモコンが見つかりにくかったことや、朝食ビュッフェの品数がご期待に沿えなかった点については、ご不便をおかけし申し訳ございません。従業員一同で改善に努めてまいります。
 

 白味噌のお味噌汁をお気に召していただけたことは嬉しいです。またのお越しを心よりお待ち申し上げております。ありがとうございました。","この度はご利用いただき、誠にありがとうございます。
 

 お部屋やスタッフの対応、お洒落な雰囲気を気に入っていただけたこと、大変嬉しく思います。 
 

 しかしながら、TVのリモコンが見つけにくかったことや、朝食ビュッフェの品数についてご不便をお掛けしてしまったこと、お詫び申し上げます。貴重なご意見として、今後の改善に活かさせていただきます。
 

 白味噌のお味噌汁をお楽しみいただけたとのことで、ありがとうございます！ 
 

 またのご来店を心よりお待ちしております。"
183367392,オリエンタルホテル 京都六条,オリエンタルホテル 京都六条,,初めて利用しました。五条油小路下ルにあり結構便利な立地にあります。部屋に風呂もありましたが、歩いて5分余りの所に白山湯があり利用しました。部屋は充分な広さで快適でした。朝食はバイキングですが、品数は少ないです。和風で特に親子丼にしたかしわの玉子とじが美味しかったです。デザートのわらび餅が向にある橘屋のわらび餅と同じくらい美味しかったです。残念なのは朝食時間が8時に予約したのですが、他の客も同じ8時なのか、20人位が殺到して長蛇の列で、立たされているようで諦めて暫く席で待機していましたが、更に新たな客が来店し、仕方なく列に並び結構待たされました。待った分美味しかったのかも。ホテル側に交通整理が必要ですね。,ja,4,POSITIVE,2024-12-06 17:57:01,この度はオリエンタルホテル京都六条にご滞在をいただき誠にありがとうございます。 またご感想もお寄せいただき重ねてお礼を申しあげます。 朝食に関しましてのお褒めのお言葉と貴重なご意見を頂き、誠にありがとうございます。当日は混み合うお時間であったことを事前にご案内出来ず大変失礼いたしました。誘導案内等も今後の課題として検討させていただきます。 今後もご愛顧いただけるように精進して参りますので、またのご来館を是非スタッフ一同心よりお待ち申し上げております。 オリエンタルホテル京都六条,"この度はご利用いただき、また貴重なご意見をありがとうございます。立地やお部屋についてのご評価、そして朝食に関してもご満足いただき、大変嬉しく思います。特に親子丼やわらび餅を気に入っていただけたとのこと、とても光栄です。
 

 一方で、朝食時の混雑についてはご不便をおかけし申し訳ございませんでした。お客様の仰る通り、交通整理を含めた改善策を検討し、よりスムーズにご利用いただけるよう努めてまいります。今後とも、ご利用の際にはご満足いただけるよう精進いたしますので、またのご来店をお待ち申し上げております。","この度はご利用いただき、誠にありがとうございます。
 

 立地やお部屋の広さについてご満足いただけたようで、大変うれしく思います。また、朝食の親子丼やわらび餅を気に入っていただけたとのお言葉も、スタッフ一同励みになります。
 

 しかしながら、朝食時の混雑によりご不便をおかけしたこと、心よりお詫び申し上げます。ご指摘いただいた通り、今後は運営の改善に努め、よりスムーズにご利用いただけるようにして参ります。
 

 貴重なご意見をありがとうございました。またのご来店を心よりお待ちしております。"
183367393,オリエンタルホテル 京都六条,オリエンタルホテル 京都六条,,近辺にホテルも多く駐車場確保が大変だったそれ以外は全て良かったです😊,ja,4,MIXED,2024-12-06 17:57:01,"この度はオリエンタルホテル京都 六条をご利用賜り誠にありがとうございます。 また、貴重なお時間を割いてのご投稿に重ねてお礼申し上げます。
駐車場に関しましては当ホテルにご用意が無く、近隣のコインパーキングをご案内しておりますため、ご不便をおかけしまして申し訳ございません。
よろしければ、また来たいと思っていただけるようなホテルを目指して参りますのでまたのご来館を心よりお待ち申し上げております。",貴重なご意見をありがとうございます。駐車場の件でご不便をおかけし申し訳ございません。それにも関わらず、他の面でご満足いただけたとのこと、大変嬉しく思います。今後も快適にご利用いただけるよう改善に努めてまいりますので、またのご来店を心よりお待ちしております。😊,"ご来店いただき、ありがとうございます。
 

 駐車場の件についてご不便をおかけし、申し訳ございませんでした。しかし、それ以外の点でご満足いただけたとのこと、大変嬉しく思います。
 

 今後もより良いサービスを心がけて参りますので、またのご利用をお待ちしております。"